{
    "reusePaths": {},
    "Modules": {
        "...MASTER...": {
            "start_perf": [
                0.27872705459594727,
                0.077401999999999999,
                0.050041000000000002,
                312784,
                385704,
                1730899554.1201839,
                2050466102552611
            ],
            "nMops": 15,
            "child_modules": {
                "riscv_soc_tb": 1,
                "dff_rs_ld": 1,
                "sp_ram": 1,
                "dff": 1,
                "true_dp_ram": 1,
                "std": 1
            },
            "nQuads": 8,
            "end_perf": [
                0.28047013282775879,
                0.077956999999999999,
                0.051228000000000003,
                313764,
                385704,
                2050466108877689,
                0,
                0
            ],
            "nRouts": 12
        },
        "std": {
            "start_perf": [
                0.28052711486816406,
                0.077991000000000005,
                0.051250999999999998,
                313764,
                385704,
                1730899554.121984,
                2050466109051706
            ],
            "nMops": 528,
            "child_modules": {},
            "Compiled": "Yes",
            "end_perf": [
                0.2846980094909668,
                0.081158999999999995,
                0.052253000000000001,
                314728,
                385704,
                2050466124138839,
                8589934594,
                0
            ],
            "nQuads": 218,
            "Compiled Times": 1,
            "svclass": [
                "$vcs_nba_dyn_obj",
                576,
                35,
                2,
                2,
                0,
                "sigprop$$",
                576,
                35,
                2,
                2,
                0,
                "process",
                2380,
                200,
                8,
                8,
                0,
                "event",
                597,
                34,
                2,
                2,
                0,
                "mailbox",
                1769,
                140,
                9,
                9,
                0,
                "semaphore",
                1119,
                84,
                5,
                5,
                0
            ],
            "nRouts": 33
        },
        "register_file": {
            "start_perf": [
                0.34370017051696777,
                0.13712199999999999,
                0.055291,
                314728,
                385704,
                1730899554.1851571,
                2050466337067317
            ],
            "nMops": 1028,
            "child_modules": {},
            "Compiled": "Yes",
            "nQuads": 381,
            "end_perf": [
                0.34882521629333496,
                0.14224600000000001,
                0.055291,
                314728,
                385704,
                2050466355611802,
                81604378625,
                0
            ],
            "Compiled Times": 1,
            "nRouts": 41
        },
        "riscv_soc_tb": {
            "start_perf": [
                0.29447221755981445,
                0.089217000000000005,
                0.053969999999999997,
                314728,
                385704,
                1730899554.1359291,
                2050466159383316
            ],
            "nMops": 16514,
            "child_modules": {
                "register_file": 1
            },
            "Compiled": "Yes",
            "end_perf": [
                0.34366106986999512,
                0.13709299999999999,
                0.055279000000000002,
                314728,
                385704,
                2050466337006073,
                42949672961,
                0
            ],
            "nQuads": 7403,
            "Compiled Times": 1,
            "nRouts": 695,
            "significant_routs": [
                [
                    442,
                    "R_VCSgd_apb6g_1ba",
                    10265989,
                    12697,
                    1031
                ],
                [
                    449,
                    "R_VCSgd_apb6g_1c1",
                    7534233,
                    9669,
                    779
                ],
                [
                    458,
                    "R_VCSgd_apb6g_1ca",
                    4956025,
                    6396,
                    649
                ]
            ]
        },
        "dff_rs_ld": {
            "start_perf": [
                0.29077506065368652,
                0.086276000000000005,
                0.053214999999999998,
                314728,
                385704,
                1730899554.132232,
                2050466146037535
            ],
            "nMops": 227,
            "child_modules": {},
            "Compiled": "Yes",
            "nQuads": 116,
            "end_perf": [
                0.29292201995849609,
                0.088421,
                0.053214999999999998,
                314728,
                385704,
                2050466153817847,
                25769803777,
                0
            ],
            "Compiled Times": 1,
            "nRouts": 26
        },
        "sp_ram": {
            "start_perf": [
                0.28472518920898438,
                0.081175999999999998,
                0.052263999999999998,
                314728,
                385704,
                1730899554.1261821,
                2050466124195373
            ],
            "nMops": 327,
            "child_modules": {},
            "Compiled": "Yes",
            "nQuads": 161,
            "end_perf": [
                0.28762412071228027,
                0.083132999999999999,
                0.053205000000000002,
                314728,
                385704,
                2050466134703549,
                12884901889,
                0
            ],
            "Compiled Times": 1,
            "nRouts": 30
        },
        "true_dp_ram": {
            "start_perf": [
                0.28764820098876953,
                0.083148,
                0.053214999999999998,
                314728,
                385704,
                1730899554.1291051,
                2050466134746861
            ],
            "nMops": 595,
            "child_modules": {},
            "Compiled": "Yes",
            "nQuads": 279,
            "end_perf": [
                0.29075407981872559,
                0.086252999999999996,
                0.053214999999999998,
                314728,
                385704,
                2050466145992891,
                21474836481,
                0
            ],
            "Compiled Times": 1,
            "nRouts": 44
        },
        "dff": {
            "start_perf": [
                0.29294300079345703,
                0.088442999999999994,
                0.053214999999999998,
                314728,
                385704,
                1730899554.1343999,
                2050466153858691
            ],
            "nMops": 116,
            "child_modules": {},
            "Compiled": "Yes",
            "nQuads": 61,
            "end_perf": [
                0.29445099830627441,
                0.089203000000000005,
                0.053962000000000003,
                314728,
                385704,
                2050466159336920,
                34359738369,
                0
            ],
            "Compiled Times": 1,
            "nRouts": 18
        }
    },
    "ObjArchives": [
        {
            "archive": "archive.0/_275852_archive_1.a",