{
    "Modules": {
        "register_file": {
            "nMops": 1028,
            "Compiled": "Yes",
            "start_perf": [
                0.57372093200683594,
                0.15798000000000001,
                0.160999,
                314732,
                385688,
                1731396519.117363,
                3095949272544345
            ],
            "end_perf": [
                0.58134603500366211,
                0.16128500000000001,
                0.16531699999999999,
                314732,
                385688,
                3095949300090641,
                81604378625,
                0
            ],
            "child_modules": {},
            "nRouts": 41,
            "Compiled Times": 1,
            "nQuads": 381
        },
        "...MASTER...": {
            "nMops": 15,
            "start_perf": [
                0.49315786361694336,
                0.096100000000000005,
                0.14472099999999999,
                312788,
                385688,
                1731396519.0367999,
                3095948981738579
            ],
            "end_perf": [
                0.49682998657226562,
                0.098724999999999993,
                0.145595,
                313768,
                385688,
                3095948995041246,
                0,
                0
            ],
            "child_modules": {
                "true_dp_ram": 1,
                "dff": 1,
                "sp_ram": 1,
                "std": 1,
                "dff_rs_ld": 1,
                "riscv_soc_tb": 1
            },
            "nQuads": 8,
            "nRouts": 12
        },
        "std": {
            "Compiled": "Yes",
            "nMops": 528,
            "start_perf": [
                0.49688887596130371,
                0.098749000000000003,
                0.14563000000000001,
                313768,
                385688,
                1731396519.0405309,
                3095948995204713
            ],
            "child_modules": {},
            "end_perf": [
                0.50581002235412598,
                0.104856,
                0.14779700000000001,
                314732,
                385688,
                3095949027453594,
                8589934594,
                0
            ],
            "nRouts": 33,
            "Compiled Times": 1,
            "svclass": [
                "$vcs_nba_dyn_obj",
                576,
                35,
                2,
                2,
                0,
                "sigprop$$",
                576,
                35,
                2,
                2,
                0,
                "process",
                2380,
                200,
                8,
                8,
                0,
                "event",
                597,
                34,
                2,
                2,
                0,
                "mailbox",
                1769,
                140,
                9,
                9,
                0,
                "semaphore",
                1119,
                84,
                5,
                5,
                0
            ],
            "nQuads": 218
        },
        "dff": {
            "nMops": 116,
            "Compiled": "Yes",
            "start_perf": [
                0.51919102668762207,
                0.112388,
                0.152527,
                314732,
                385688,
                1731396519.0628331,
                3095949075693833
            ],
            "end_perf": [
                0.52058506011962891,
                0.113131,
                0.15317800000000001,
                314732,
                385688,
                3095949080763464,
                34359738369,
                0
            ],
            "child_modules": {},
            "nRouts": 18,
            "Compiled Times": 1,
            "nQuads": 61
        },
        "true_dp_ram": {
            "nMops": 595,
            "Compiled": "Yes",
            "start_perf": [
                0.51173901557922363,
                0.10835400000000001,
                0.14911099999999999,
                314732,
                385688,
                1731396519.0553811,
                3095949048799293
            ],
            "end_perf": [
                0.51498198509216309,
                0.11045199999999999,
                0.150255,
                314732,
                385688,
                3095949060545464,
                21474836481,
                0
            ],
            "child_modules": {},
            "nRouts": 44,
            "Compiled Times": 1,
            "nQuads": 279
        },
        "sp_ram": {
            "nMops": 327,
            "Compiled": "Yes",
            "start_perf": [
                0.5058438777923584,
                0.10487,
                0.147817,
                314732,
                385688,
                1731396519.0494859,
                3095949027521032
            ],
            "end_perf": [
                0.51171493530273438,
                0.10834299999999999,
                0.14909700000000001,
                314732,
                385688,
                3095949048756175,
                12884901889,
                0
            ],
            "child_modules": {},
            "nRouts": 30,
            "Compiled Times": 1,
            "nQuads": 161
        },
        "dff_rs_ld": {
            "nMops": 227,
            "Compiled": "Yes",
            "start_perf": [
                0.51500487327575684,
                0.110462,
                0.15026800000000001,
                314732,
                385688,
                1731396519.0586469,
                3095949060592558
            ],
            "end_perf": [
                0.51916790008544922,
                0.11237900000000001,
                0.15251400000000001,
                314732,
                385688,
                3095949075653723,
                25769803777,
                0
            ],
            "child_modules": {},
            "nRouts": 26,
            "Compiled Times": 1,
            "nQuads": 116
        },
        "riscv_soc_tb": {
            "Compiled": "Yes",
            "nMops": 16506,
            "start_perf": [
                0.52060604095458984,
                0.11314100000000001,
                0.15319099999999999,
                314732,
                385688,
                1731396519.0642481,
                3095949080801760
            ],
            "child_modules": {
                "register_file": 1
            },
            "end_perf": [
                0.5736849308013916,
                0.15796199999999999,
                0.16098000000000001,
                314732,
                385688,
                3095949272467849,
                42949672961,
                0
            ],
            "nRouts": 695,
            "Compiled Times": 1,
            "nQuads": 7403,
            "significant_routs": [
                [
                    442,
                    "R_VCSgd_apb6g_1ba",
                    10475668,
                    12697,
                    1031
                ]
            ]
        }
    },
    "CompUnits": {
        "zZrks_d": {
            "mod": "register_file",
            "text": 8330,
            "out": "zZrks_d.o",
            "mode": 4,
            "bytes": 19158,
            "checksum": 0,
            "archive": "archive.0/_461339_archive_1.a"
        },
        "amcQw_d": {
            "mod": "...MASTER...",
            "text": 687,
            "out": "objs/amcQw_d.o",
            "mode": 4,
            "bytes": 9274,
            "checksum": 0
        },
        "apb6g_d": {
            "mod": "riscv_soc_tb",
            "text": 153642,
            "out": "apb6g_d.o",
            "mode": 4,
            "bytes": 310030,
            "checksum": 0,
            "archive": "archive.0/_461339_archive_1.a"
        },