{
    "Modules": {
        "riscv_soc_tb": {
            "Compiled": "Yes",
            "nMops": 14317,
            "start_perf": [
                0.49872994422912598,
                0.218558,
                0.045148000000000001,
                314672,
                386108,
                1728819136.187305,
                35808454081014
            ],
            "significant_routs": [
                [
                    416,
                    "R_VCSgd_apb6g_1a0",
                    11499798,
                    12694,
                    1031
                ],
                [
                    423,
                    "R_VCSgd_apb6g_1a7",
                    10956695,
                    9769,
                    779
                ]
            ],
            "child_modules": {
                "register_file": 1,
                "ram": 1
            },
            "end_perf": [
                0.55717301368713379,
                0.27517799999999998,
                0.046882,
                314672,
                386108,
                35808640416225,
                34359738369,
                0
            ],
            "Compiled Times": 1,
            "nQuads": 6661,
            "nRouts": 636
        },
        "dff": {
            "nMops": 116,
            "Compiled": "Yes",
            "start_perf": [
                0.49626803398132324,
                0.216167,
                0.045076999999999999,
                314672,
                386108,
                1728819136.1848431,
                35808446232174
            ],
            "end_perf": [
                0.49867391586303711,
                0.21851100000000001,
                0.045137999999999998,
                314672,
                386108,
                35808453944283,
                25769803777,
                0
            ],
            "child_modules": {},
            "nQuads": 61,
            "Compiled Times": 1,
            "nRouts": 18
        },
        "...MASTER...": {
            "nMops": 9,
            "start_perf": [
                0.4808499813079834,
                0.20378199999999999,
                0.042196999999999998,
                312728,
                386108,
                1728819136.169425,
                35808397094216
            ],
            "end_perf": [
                0.48465800285339355,
                0.20661399999999999,
                0.043173000000000003,
                313708,
                386108,
                35808409272571,
                0,
                0
            ],
            "child_modules": {
                "riscv_soc_tb": 1,
                "dff": 1,
                "dff_rs_ld": 1,
                "std": 1
            },
            "nQuads": 5,
            "nRouts": 9
        },
        "ram": {
            "nMops": 1891,
            "Compiled": "Yes",
            "start_perf": [
                0.55724096298217773,
                0.27523700000000001,
                0.046892000000000003,
                314672,
                386108,
                1728819136.245816,
                35808640566024
            ],
            "end_perf": [
                0.56680202484130859,
                0.284742,
                0.046946000000000002,
                314672,
                386108,
                35808671085218,
                42949672961,
                0
            ],
            "child_modules": {},
            "nQuads": 797,
            "Compiled Times": 1,
            "nRouts": 91
        },
        "dff_rs_ld": {
            "nMops": 227,
            "Compiled": "Yes",
            "start_perf": [
                0.49172091484069824,
                0.21254600000000001,
                0.044151999999999997,
                314672,
                386108,
                1728819136.1802959,
                35808431734481
            ],
            "end_perf": [
                0.49621105194091797,
                0.21612000000000001,
                0.045067000000000003,
                314672,
                386108,
                35808446092893,
                17179869185,
                0
            ],
            "child_modules": {},
            "nQuads": 116,
            "Compiled Times": 1,
            "nRouts": 26
        },
        "std": {
            "Compiled": "Yes",
            "nMops": 528,
            "start_perf": [
                0.48491692543029785,
                0.206702,
                0.043191,
                313708,
                386108,
                1728819136.173492,
                35808410063957
            ],
            "child_modules": {},
            "end_perf": [
                0.49165797233581543,
                0.21249299999999999,
                0.044141,
                314672,
                386108,
                35808431590419,
                8589934594,
                0
            ],
            "svclass": [
                "$vcs_nba_dyn_obj",
                576,
                35,
                2,
                2,
                0,
                "sigprop$$",
                576,
                35,
                2,
                2,
                0,
                "process",
                2380,
                200,
                8,
                8,
                0,
                "event",
                597,
                34,
                2,
                2,
                0,
                "mailbox",
                1769,
                140,
                9,
                9,
                0,
                "semaphore",
                1119,
                84,
                5,
                5,
                0
            ],
            "Compiled Times": 1,
            "nQuads": 218,
            "nRouts": 33
        },
        "register_file": {
            "nMops": 1028,
            "Compiled": "Yes",
            "start_perf": [
                0.56686091423034668,
                0.28479399999999999,
                0.046954999999999997,
                314672,
                386108,
                1728819136.2554359,
                35808671230874
            ],
            "end_perf": [
                0.57290101051330566,
                0.29083199999999998,
                0.046954999999999997,
                314672,
                386108,
                35808690523097,
                73014444033,
                0
            ],
            "child_modules": {},
            "nQuads": 381,
            "Compiled Times": 1,
            "nRouts": 41
        }
    },
    "CompUnits": {
        "amcQw_d": {
            "checksum": 0,
            "mod": "...MASTER...",
            "bytes": 8728,
            "out": "objs/amcQw_d.o",
            "text": 591,
            "mode": 4
        },
        "zZrks_d": {
            "checksum": 0,
            "mod": "register_file",
            "bytes": 19158,
            "out": "zZrks_d.o",
            "text": 8330,
            "mode": 4,
            "archive": "archive.0/_8160_archive_1.a"
        },
        "reYIK_d": {
            "checksum": 0,
            "mod": "std",
            "bytes": 43000,
            "out": "reYIK_d.o",
            "text": 7325,
            "archive": "archive.0/_8160_archive_1.a",
            "cls": 7017,
            "mode": 4
        },
        "a3M3m_d": {
            "checksum": 0,
            "mod": "dff_rs_ld",
            "bytes": 10756,
            "out": "a3M3m_d.o",
            "text": 2247,
            "mode": 4,
            "archive": "archive.0/_8160_archive_1.a"
        },
        "qeN1k_d": {
            "checksum": 0,
            "mod": "ram",
            "bytes": 29522,
            "out": "qeN1k_d.o",
            "text": 13687,
            "mode": 4,
            "archive": "archive.0/_8160_archive_1.a"
        },
        "IWW0i_d": {
            "checksum": 0,
            "mod": "dff",
            "bytes": 9068,
            "out": "IWW0i_d.o",