{
    "Modules": {
        "...MASTER...": {
            "end_perf": [
                0.26037979125976562,
                0.076835000000000001,
                0.046063,
                313708,
                385712,
                211104872124922,
                0,
                0
            ],
            "start_perf": [
                0.25875401496887207,
                0.075208999999999998,
                0.046063,
                312728,
                385712,
                1728540702.6695311,
                211104866227633
            ],
            "child_modules": {
                "dff": 1,
                "std": 1,
                "dff_rs_ld": 1,
                "riscv_soc_tb": 1
            },
            "nQuads": 5,
            "nMops": 9,
            "nRouts": 9
        },
        "std": {
            "start_perf": [
                0.26043081283569336,
                0.076885999999999996,
                0.046063,
                313708,
                385712,
                1728540702.6712079,
                211104872282324
            ],
            "svclass": [
                "$vcs_nba_dyn_obj",
                576,
                35,
                2,
                2,
                0,
                "sigprop$$",
                576,
                35,
                2,
                2,
                0,
                "process",
                2380,
                200,
                8,
                8,
                0,
                "event",
                597,
                34,
                2,
                2,
                0,
                "mailbox",
                1769,
                140,
                9,
                9,
                0,
                "semaphore",
                1119,
                84,
                5,
                5,
                0
            ],
            "end_perf": [
                0.26462984085083008,
                0.079090999999999995,
                0.048055,
                314672,
                385712,
                211104887468157,
                8589934594,
                0
            ],
            "child_modules": {},
            "Compiled": "Yes",
            "nMops": 528,
            "Compiled Times": 1,
            "nQuads": 218,
            "nRouts": 33
        },
        "register_file": {
            "end_perf": [
                0.3263709545135498,
                0.13772499999999999,
                0.051145999999999997,
                314672,
                385712,
                211105110370916,
                73014444033,
                0
            ],
            "start_perf": [
                0.32102298736572266,
                0.132379,
                0.051145999999999997,
                314672,
                385712,
                1728540702.7318001,
                211105090973023
            ],
            "child_modules": {},
            "nMops": 1028,
            "Compiled": "Yes",
            "Compiled Times": 1,
            "nQuads": 381,
            "nRouts": 41
        },
        "dff_rs_ld": {
            "end_perf": [
                0.26731085777282715,
                0.081749000000000002,
                0.048065999999999998,
                314672,
                385712,
                211104897143174,
                17179869185,
                0
            ],
            "start_perf": [
                0.26465582847595215,
                0.079107999999999998,
                0.048065999999999998,
                314672,
                385712,
                1728540702.6754329,
                211104887525619
            ],
            "child_modules": {},
            "nMops": 227,
            "Compiled": "Yes",
            "Compiled Times": 1,
            "nQuads": 116,
            "nRouts": 26
        },
        "dff": {
            "end_perf": [
                0.2687528133392334,
                0.083163000000000001,
                0.048093999999999998,
                314672,
                385712,
                211104902348206,
                25769803777,
                0
            ],
            "start_perf": [
                0.26733183860778809,
                0.081770999999999996,
                0.048065999999999998,
                314672,
                385712,
                1728540702.6781089,
                211104897183128
            ],
            "child_modules": {},
            "nMops": 116,
            "Compiled": "Yes",
            "Compiled Times": 1,
            "nQuads": 61,
            "nRouts": 18
        },
        "riscv_soc_tb": {
            "significant_routs": [
                [
                    416,
                    "R_VCSgd_apb6g_1a0",
                    9735222,
                    12694,
                    1031
                ],
                [
                    423,
                    "R_VCSgd_apb6g_1a7",
                    10786280,
                    9769,
                    779
                ],
                [
                    425,
                    "R_VCSgd_apb6g_1a9",
                    5176632,
                    6275,
                    362
                ],
                [
                    432,
                    "R_VCSgd_apb6g_1b0",
                    4743080,
                    6640,
                    473
                ]
            ],
            "end_perf": [
                0.31313490867614746,
                0.12474200000000001,
                0.050894000000000002,
                314672,
                385712,
                211105062586269,
                34359738369,
                0
            ],
            "start_perf": [
                0.26877379417419434,
                0.083177000000000001,
                0.048101999999999999,
                314672,
                385712,
                1728540702.6795509,
                211104902392544
            ],
            "child_modules": {
                "register_file": 1,
                "ram": 1
            },
            "Compiled": "Yes",
            "nMops": 14317,
            "Compiled Times": 1,
            "nQuads": 6661,
            "nRouts": 636
        },
        "ram": {
            "end_perf": [
                0.32098388671875,
                0.13235,
                0.051135,
                314672,
                385712,
                211105090927897,
                42949672961,
                0
            ],
            "start_perf": [
                0.31317400932312012,
                0.12477000000000001,
                0.050906,
                314672,
                385712,
                1728540702.7239511,
                211105062667693
            ],
            "child_modules": {},
            "nMops": 1891,
            "Compiled": "Yes",
            "Compiled Times": 1,
            "nQuads": 797,
            "nRouts": 91
        }
    },
    "CompUnits": {
        "amcQw_d": {
            "checksum": 0,
            "mod": "...MASTER...",
            "out": "objs/amcQw_d.o",
            "bytes": 8728,
            "text": 591,
            "mode": 4
        },
        "apb6g_d": {
            "checksum": 0,
            "mod": "riscv_soc_tb",
            "out": "apb6g_d.o",
            "bytes": 293418,
            "text": 140914,
            "archive": "archive.0/_107879_archive_1.a",
            "mode": 4
        },
        "reYIK_d": {
            "checksum": 0,
            "mod": "std",
            "out": "reYIK_d.o",
            "bytes": 43000,
            "text": 7325,
            "cls": 7017,
            "archive": "archive.0/_107879_archive_1.a",
            "mode": 4
        },
        "a3M3m_d": {
            "checksum": 0,
            "mod": "dff_rs_ld",
            "out": "a3M3m_d.o",
            "bytes": 10756,
            "text": 2247,
            "archive": "archive.0/_107879_archive_1.a",
            "mode": 4
        },