{
    "ObjArchives": [
        {
            "objects": [
                [
                    "reYIK_d.o",
                    43000
                ],
                [
                    "a3M3m_d.o",
                    10756
                ],
                [
                    "IWW0i_d.o",
                    9068
                ],
                [
                    "apb6g_d.o",
                    309680
                ],
                [
                    "zZrks_d.o",
                    19158
                ],
                [
                    "amcQwB.o",
                    139566
                ]
            ],
            "archive": "archive.0/_102981_archive_1.a",
            "size": 531228
        }
    ],
    "Modules": {
        "dff_rs_ld": {
            "start_perf": [
                0.34128093719482422,
                0.085350999999999996,
                0.069677000000000003,
                314648,
                385716,
                1729734711.401932,
                728996595680605
            ],
            "child_modules": {},
            "end_perf": [
                0.34420585632324219,
                0.088275000000000006,
                0.069677000000000003,
                314648,
                385716,
                728996606279116,
                17179869185,
                0
            ],
            "Compiled": "Yes",
            "nRouts": 26,
            "Compiled Times": 1,
            "nQuads": 116,
            "nMops": 227
        },
        "...MASTER...": {
            "start_perf": [
                0.33405303955078125,
                0.078121999999999997,
                0.069677000000000003,
                312704,
                385716,
                1729734711.3947041,
                728996569601104
            ],
            "child_modules": {
                "dff": 1,
                "std": 1,
                "dff_rs_ld": 1,
                "riscv_soc_tb": 1
            },
            "end_perf": [
                0.3358919620513916,
                0.079961000000000004,
                0.069677000000000003,
                313684,
                385716,
                728996576267897,
                0,
                0
            ],
            "nQuads": 5,
            "nMops": 9,
            "nRouts": 9
        },
        "std": {
            "start_perf": [
                0.33595800399780273,
                0.080027000000000001,
                0.069677000000000003,
                313684,
                385716,
                1729734711.3966091,
                728996576483751
            ],
            "svclass": [
                "$vcs_nba_dyn_obj",
                576,
                35,
                2,
                2,
                0,
                "sigprop$$",
                576,
                35,
                2,
                2,
                0,
                "process",
                2380,
                200,
                8,
                8,
                0,
                "event",
                597,
                34,
                2,
                2,
                0,
                "mailbox",
                1769,
                140,
                9,
                9,
                0,
                "semaphore",
                1119,
                84,
                5,
                5,
                0
            ],
            "child_modules": {},
            "end_perf": [
                0.34125304222106934,
                0.085320999999999994,
                0.069677000000000003,
                314648,
                385716,
                728996595623147,
                8589934594,
                0
            ],
            "Compiled": "Yes",
            "Compiled Times": 1,
            "nQuads": 218,
            "nMops": 528,
            "nRouts": 33
        },
        "dff": {
            "start_perf": [
                0.34422898292541504,
                0.088299000000000002,
                0.069677000000000003,
                314648,
                385716,
                1729734711.40488,
                728996606321138
            ],
            "child_modules": {},
            "end_perf": [
                0.34573888778686523,
                0.089185,
                0.070299,
                314648,
                385716,
                728996611803997,
                25769803777,
                0
            ],
            "Compiled": "Yes",
            "nRouts": 18,
            "Compiled Times": 1,
            "nQuads": 61,
            "nMops": 116
        },
        "riscv_soc_tb": {
            "start_perf": [
                0.34575891494750977,
                0.089196999999999999,
                0.070307999999999995,
                314648,
                385716,
                1729734711.40641,
                728996611843533
            ],
            "child_modules": {
                "register_file": 1
            },
            "end_perf": [
                0.39485692977905273,
                0.13558999999999999,
                0.073010000000000005,
                314648,
                385716,
                728996789174122,
                34359738369,
                0
            ],
            "Compiled": "Yes",
            "Compiled Times": 1,
            "significant_routs": [
                [
                    441,
                    "R_VCSgd_apb6g_1b9",
                    11614221,
                    12667,
                    1031
                ],
                [
                    448,
                    "R_VCSgd_apb6g_1c0",
                    7377745,
                    9669,
                    779
                ]
            ],
            "nQuads": 7393,
            "nMops": 16513,
            "nRouts": 693
        },
        "register_file": {
            "start_perf": [
                0.39490890502929688,
                0.13562399999999999,
                0.073027999999999996,
                314648,
                385716,
                1729734711.45556,
                728996789249417
            ],
            "child_modules": {},
            "end_perf": [
                0.40018296241760254,
                0.13983400000000001,
                0.074091000000000004,
                314648,
                385716,
                728996808325662,
                73014444033,
                0
            ],
            "Compiled": "Yes",
            "nRouts": 41,
            "Compiled Times": 1,
            "nQuads": 381,
            "nMops": 1028
        }
    },
    "reusePaths": {},
    "CompUnits": {
        "reYIK_d": {
            "cls": 7017,
            "mod": "std",
            "mode": 4,
            "out": "reYIK_d.o",
            "bytes": 43000,
            "text": 7325,
            "checksum": 0,
            "archive": "archive.0/_102981_archive_1.a"
        },
        "amcQw_d": {
            "mod": "...MASTER...",
            "mode": 4,
            "out": "objs/amcQw_d.o",
            "bytes": 8728,
            "text": 591,
            "checksum": 0
        },
        "a3M3m_d": {
            "mod": "dff_rs_ld",
            "mode": 4,
            "out": "a3M3m_d.o",
            "bytes": 10756,
            "text": 2247,
            "checksum": 0,
            "archive": "archive.0/_102981_archive_1.a"
        },
        "IWW0i_d": {
            "mod": "dff",
            "mode": 4,
            "out": "IWW0i_d.o",
            "bytes": 9068,
            "text": 1211,
            "checksum": 0,
            "archive": "archive.0/_102981_archive_1.a"
        },
        "apb6g_d": {
            "mod": "riscv_soc_tb",
            "mode": 4,
            "out": "apb6g_d.o",
            "bytes": 309680,
            "text": 153610,
            "checksum": 0,
            "archive": "archive.0/_102981_archive_1.a"
        },
        "zZrks_d": {
            "mod": "register_file",
            "mode": 4,