{
    "stat": {
        "ru_childs_end": {
            "ru_minflt": 4249,
            "ru_utime_sec": 0.0070200000000000002,
            "ru_stime_sec": 0.015865000000000001,
            "ru_maxrss_kb": 115856,
            "ru_nivcsw": 1,
            "ru_majflt": 0,
            "ru_nvcsw": 25
        },
        "ru_self_cgstart": {
            "ru_minflt": 12996,
            "ru_utime_sec": 0.053386999999999997,
            "ru_stime_sec": 0.02349,
            "ru_maxrss_kb": 115856,
            "ru_nivcsw": 2,
            "ru_majflt": 0,
            "ru_nvcsw": 46
        },
        "ru_childs_cgstart": {
            "ru_minflt": 4249,
            "ru_utime_sec": 0.0070200000000000002,
            "ru_stime_sec": 0.015865000000000001,
            "ru_maxrss_kb": 115856,
            "ru_nivcsw": 1,
            "ru_majflt": 0,
            "ru_nvcsw": 25
        },
        "cpu_cycles_cgstart": 152424284004926,
        "nMops": 2872,
        "nQuads": 1401,
        "ru_self_end": {
            "ru_minflt": 14885,
            "ru_utime_sec": 0.072997999999999993,
            "ru_stime_sec": 0.029855,
            "ru_maxrss_kb": 123404,
            "ru_nivcsw": 2,
            "ru_majflt": 0,
            "ru_nvcsw": 46
        },
        "realTime": 0.2501370906829834,
        "totalObjSize": 240230,
        "cpu_cycles_end": 152424377765194,
        "cpu_cycles_total": 865684750,
        "outputSizePerQuad": 171.47037830121343,
        "mopSpeed": 146448.42180408956,
        "quadSpeed": 71439.498240783243,
        "CodeGen(%)": 24.508235646979429,
        "mop/quad": 2.0499643112062813,
        "Frontend(%)": 75.491764353020571,
        "peak_mem_kb": 384180
    },
    "perf": [
        {
            "sub": [
                {
                    "sub": [],
                    "stat": [
                        "doParsingAndDesignResolution",
                        "entry",
                        0.16828203201293945,
                        0.036061000000000003,
                        0.006182,
                        212920,
                        213720,
                        0.0,
                        0.0,
                        1728524444.914206,
                        152424082575165
                    ]
                },
                {
                    "sub": [],
                    "stat": [
                        "doParsingAndDesignResolution",
                        "exit",
                        0.18035101890563965,
                        0.042502999999999999,
                        0.012751,
                        316536,
                        384180,
                        0.0,
                        0.0,
                        1728524444.926275,
                        152424125987299
                    ]
                },
                {
                    "sub": [
                        {
                            "sub": [],
                            "stat": [
                                "doUptoVir2VcsNoSepCleanup",
                                "entry",
                                0.18621706962585449,
                                0.044363,
                                0.017205000000000002,
                                302812,
                                384180,
                                0.0,
                                0.0,
                                1728524444.9321411,
                                152424147133261
                            ]
                        },
                        {
                            "sub": [],
                            "stat": [
                                "doUptoVir2VcsNoSepCleanup",
                                "exit",
                                0.20763707160949707,
                                0.050487999999999998,
                                0.022558000000000002,
                                298908,
                                384180,
                                0.001036,
                                0.008907,
                                1728524444.9535611,
                                152424224486992
                            ]
                        },
                        {
                            "sub": [],
                            "stat": [
                                "doRadify_vir2vcsAll",
                                "entry",
                                0.20767807960510254,
                                0.050516999999999999,
                                0.022571000000000001,
                                298908,
                                384180,
                                0.001036,
                                0.008907,
                                1728524444.9536021,
                                152424224563710
                            ]
                        },
                        {
                            "sub": [],
                            "stat": [
                                "doRadify_vir2vcsAll",
                                "exit",
                                0.2104339599609375,
                                0.053272,
                                0.022571000000000001,
                                300740,
                                384180,
                                0.001036,
                                0.008907,
                                1728524444.956358,
                                152424234603543
                            ]
                        }
                    ],
                    "stat": [
                        "doPostDesignResolutionToVir2Vcs",
                        "entry",
                        0.18439793586730957,
                        0.043099999999999999,
                        0.016648,
                        298460,
                        384180,
                        0.0,
                        0.0,
                        1728524444.9303219,
                        152424140579776
                    ]
                },
                {
                    "sub": [],
                    "stat": [
                        "doPostDesignResolutionToVir2Vcs",
                        "exit",
                        0.21046900749206543,
                        0.053309000000000002,
                        0.022571000000000001,
                        300740,
                        384180,
                        0.001036,
                        0.008907,
                        1728524444.956393,
                        152424234639903
                    ]
                },
                {
                    "sub": [
                        {
                            "sub": [],
                            "stat": [
                                "DoPass2",
                                "entry",
                                0.22409892082214355,
                                0.053351999999999997,
                                0.023473999999999998,
                                299184,
                                384180,
                                0.0070200000000000002,
                                0.015865000000000001,
                                1728524444.9700229,
                                152424283901121
                            ]
                        },
                        {
                            "sub": [],