{
    "ObjArchives": [
        {
            "archive": "archive.0/_86062_archive_1.a",
            "objects": [
                [
                    "reYIK_d.o",
                    43000
                ],
                [
                    "YeBdz_d.o",
                    12250
                ],
                [
                    "a3M3m_d.o",
                    10756
                ],
                [
                    "IWW0i_d.o",
                    9068
                ],
                [
                    "ixBkr_d.o",
                    31788
                ],
                [
                    "GvdVe_d.o",
                    6492
                ],
                [
                    "amcQwB.o",
                    116618
                ]
            ],
            "size": 229972
        }
    ],
    "Modules": {
        "std": {
            "start_perf": [
                0.22673511505126953,
                0.054764,
                0.024697,
                303624,
                384180,
                1728524444.9726591,
                152424293352064
            ],
            "child_modules": {},
            "Compiled": "Yes",
            "svclass": [
                "$vcs_nba_dyn_obj",
                576,
                35,
                2,
                2,
                0,
                "sigprop$$",
                576,
                35,
                2,
                2,
                0,
                "process",
                2380,
                200,
                8,
                8,
                0,
                "event",
                597,
                34,
                2,
                2,
                0,
                "mailbox",
                1769,
                140,
                9,
                9,
                0,
                "semaphore",
                1119,
                84,
                5,
                5,
                0
            ],
            "Compiled Times": 1,
            "nQuads": 218,
            "end_perf": [
                0.23207497596740723,
                0.059040000000000002,
                0.025763000000000001,
                305876,
                384180,
                152424312672878,
                8589934594,
                0
            ],
            "nMops": 528,
            "nRouts": 33
        },
        "...MASTER...": {
            "start_perf": [
                0.22417807579040527,
                0.053407000000000003,
                0.023498999999999999,
                299184,
                384180,
                1728524444.9701021,
                152424284129354
            ],
            "child_modules": {
                "dual_port_bram": 1,
                "dff": 1,
                "id_ex_buf_tb": 1,
                "id_ex_buf": 1,
                "std": 1,
                "dff_rs_ld": 1
            },
            "nQuads": 26,
            "end_perf": [
                0.2266840934753418,
                0.054729,
                0.024681999999999999,
                303624,
                384180,
                152424293200070,
                0,
                0
            ],
            "nMops": 27,
            "nRouts": 24
        },
        "dual_port_bram": {
            "start_perf": [
                0.23210501670837402,
                0.059061000000000002,
                0.025772,
                305876,
                384180,
                1728524444.978029,
                152424312732287
            ],
            "child_modules": {},
            "nRouts": 33,
            "Compiled": "Yes",
            "Compiled Times": 1,
            "nQuads": 174,
            "end_perf": [
                0.23537397384643555,
                0.061564000000000001,
                0.026536000000000001,
                307540,
                384180,
                152424324573619,
                12884901889,
                0
            ],
            "nMops": 337
        },
        "dff_rs_ld": {
            "start_perf": [
                0.23539900779724121,
                0.061581999999999998,
                0.026544000000000002,
                307540,
                384180,
                1728524444.981323,
                152424324623919
            ],
            "child_modules": {},
            "nRouts": 26,
            "Compiled": "Yes",
            "Compiled Times": 1,
            "nQuads": 116,
            "end_perf": [
                0.23828601837158203,
                0.064468999999999999,
                0.026544000000000002,
                307540,
                384180,
                152424335107719,
                17179869185,
                0
            ],
            "nMops": 227
        },
        "dff": {
            "start_perf": [
                0.23831701278686523,
                0.064501000000000003,
                0.026544000000000002,
                307540,
                384180,
                1728524444.984241,
                152424335153037
            ],
            "child_modules": {},
            "nRouts": 18,
            "Compiled": "Yes",
            "Compiled Times": 1,
            "nQuads": 61,
            "end_perf": [
                0.24003005027770996,
                0.066212999999999994,
                0.026544000000000002,
                307540,
                384180,
                152424341408916,
                25769803777,
                0
            ],
            "nMops": 116
        },
        "id_ex_buf": {
            "start_perf": [
                0.24006295204162598,
                0.066247,
                0.026544000000000002,
                307540,
                384180,
                1728524444.9859869,
                152424341457264
            ],
            "child_modules": {},
            "nRouts": 125,
            "Compiled": "Yes",
            "Compiled Times": 1,
            "nQuads": 806,
            "end_perf": [
                0.24622392654418945,
                0.072406999999999999,
                0.026544000000000002,
                307540,
                384180,
                152424363747096,
                30064771073,
                0
            ],
            "nMops": 1637
        },
        "id_ex_buf_tb": {
            "start_perf": [
                0.24625205993652344,
                0.072436,
                0.026544000000000002,
                307540,
                384180,
                1728524444.9921761,
                152424363799178
            ],
            "child_modules": {},
            "nRouts": 5,
            "Compiled": "Yes",
            "Compiled Times": 1,
            "nQuads": 0,
            "end_perf": [
                0.24679088592529297,
                0.072972999999999996,
                0.026544000000000002,
                307540,
                384180,
                152424365774050,
                34359738369,
                0
            ],
            "nMops": 0
        }
    },
    "CompUnits": {
        "GvdVe_d": {
            "mode": 4,
            "bytes": 6492,
            "mod": "id_ex_buf_tb",
            "out": "GvdVe_d.o",
            "text": 213,
            "checksum": 0,
            "archive": "archive.0/_86062_archive_1.a"
        },
        "amcQw_d": {
            "mode": 4,
            "bytes": 10258,
            "mod": "...MASTER...",
            "out": "objs/amcQw_d.o",
            "text": 811,
            "checksum": 0
        },
        "reYIK_d": {
            "mode": 4,
            "bytes": 43000,
            "mod": "std",
            "out": "reYIK_d.o",
            "text": 7325,
            "cls": 7017,
            "checksum": 0,
            "archive": "archive.0/_86062_archive_1.a"
        },
        "YeBdz_d": {
            "mode": 4,
            "bytes": 12250,
            "mod": "dual_port_bram",
            "out": "YeBdz_d.o",
            "text": 2809,
            "checksum": 0,