{
    "cycles_program_begin": 2363039158999109,
    "stat": {
        "quadSpeed": 136363.63636363635,
        "ru_childs_end": {
            "ru_maxrss_kb": 121752,
            "ru_utime_sec": 0.019455,
            "ru_nivcsw": 7,
            "ru_minflt": 14650,
            "ru_stime_sec": 0.038018000000000003,
            "ru_majflt": 1,
            "ru_nvcsw": 44
        },
        "ru_self_cgstart": {
            "ru_maxrss_kb": 121752,
            "ru_utime_sec": 0.065613000000000005,
            "ru_nivcsw": 6,
            "ru_minflt": 14620,
            "ru_stime_sec": 0.051630000000000002,
            "ru_majflt": 0,
            "ru_nvcsw": 55
        },
        "ru_childs_cgstart": {
            "ru_maxrss_kb": 121752,
            "ru_utime_sec": 0.019455,
            "ru_nivcsw": 7,
            "ru_minflt": 14650,
            "ru_stime_sec": 0.038018000000000003,
            "ru_majflt": 1,
            "ru_nvcsw": 44
        },
        "cpu_cycles_cgstart": 2363040104953799,
        "peak_mem_kb": 385708,
        "nMops": 34004,
        "Frontend(%)": 53.277384605749354,
        "ru_self_end": {
            "ru_maxrss_kb": 132424,
            "ru_utime_sec": 0.14021500000000001,
            "ru_nivcsw": 9,
            "ru_minflt": 16497,
            "ru_stime_sec": 0.059485000000000003,
            "ru_majflt": 0,
            "ru_nvcsw": 55
        },
        "nQuads": 10173,
        "totalObjSize": 601664,
        "cpu_cycles_end": 2363040402812226,
        "CodeGen(%)": 46.722615394250646,
        "cpu_cycles_total": 1243813117,
        "mop/quad": 3.3425734788164752,
        "mopSpeed": 455805.47438406479,
        "outputSizePerQuad": 59.143222254988693,
        "realTime": 0.35529994964599609
    },
    "perf": [
        {
            "stat": [
                "main",
                "entry",
                0.010729789733886719,
                0.017748,
                0.0094660000000000005,
                203220,
                204476,
                0.0,
                0.0,
                1731069418.3914299,
                2363039159179507
            ],
            "sub": [
                {
                    "stat": [
                        "doParsingAndDesignResolution",
                        "entry",
                        0.17831587791442871,
                        0.018127999999999998,
                        0.021753999999999999,
                        212920,
                        213720,
                        0.0,
                        0.0,
                        1731069418.559016,
                        2363039764154152
                    ],
                    "sub": []
                },
                {
                    "stat": [
                        "doParsingAndDesignResolution",
                        "exit",
                        0.19855093955993652,
                        0.030025,
                        0.036697,
                        318120,
                        385708,
                        0.0,
                        0.0,
                        1731069418.5792511,
                        2363039837134418
                    ],
                    "sub": []
                },
                {
                    "stat": [
                        "doPostDesignResolutionToVir2Vcs",
                        "entry",
                        0.20579099655151367,
                        0.036421000000000002,
                        0.038628000000000003,
                        298752,
                        385708,
                        0.0,
                        0.0,
                        1731069418.5864911,
                        2363039863248730
                    ],
                    "sub": [
                        {
                            "stat": [
                                "doUptoVir2VcsNoSepCleanup",
                                "entry",
                                0.21009492874145508,
                                0.038890000000000001,
                                0.040462999999999999,
                                303464,
                                385708,
                                0.0,
                                0.0,
                                1731069418.590795,
                                2363039878760405
                            ],
                            "sub": []
                        },
                        {
                            "stat": [
                                "doUptoVir2VcsNoSepCleanup",
                                "exit",
                                0.25510478019714355,
                                0.061821000000000001,
                                0.049889999999999997,
                                314012,
                                385708,
                                0.0044180000000000001,
                                0.0081429999999999992,
                                1731069418.6358049,
                                2363040041278241
                            ],
                            "sub": []
                        },
                        {
                            "stat": [
                                "doRadify_vir2vcsAll",
                                "entry",
                                0.25515294075012207,
                                0.061848,
                                0.049911999999999998,
                                314012,
                                385708,
                                0.01452,
                                0.030554999999999999,
                                1731069418.6358531,
                                2363040041375879
                            ],
                            "sub": []
                        },
                        {
                            "stat": [
                                "doRadify_vir2vcsAll",
                                "exit",
                                0.25908184051513672,
                                0.064871999999999999,
                                0.050817000000000001,
                                314012,
                                385708,
                                0.01452,
                                0.030554999999999999,
                                1731069418.639782,
                                2363040055609607
                            ],
                            "sub": []
                        }
                    ]
                },
                {
                    "stat": [
                        "doPostDesignResolutionToVir2Vcs",
                        "exit",
                        0.25910592079162598,
                        0.064885999999999999,
                        0.050826999999999997,
                        314012,
                        385708,
                        0.01452,
                        0.030554999999999999,
                        1731069418.639806,
                        2363040055640089
                    ],
                    "sub": []
                },
                {
                    "stat": [
                        "doGAToPass2",
                        "entry",
                        0.25911378860473633,
                        0.064890000000000003,
                        0.050831000000000001,
                        314012,
                        385708,
                        0.01452,
                        0.030554999999999999,
                        1731069418.6398139,
                        2363040055661724
                    ],