{
    "Modules": {
        "dff": {
            "nMops": 116,
            "child_modules": {},
            "start_perf": [
                0.31535506248474121,
                0.109652,
                0.034897999999999998,
                314360,
                385696,
                1730976823.8416941,
                2195686598476165
            ],
            "nRouts": 18,
            "Compiled": "Yes",
            "Compiled Times": 1,
            "end_perf": [
                0.31704998016357422,
                0.111346,
                0.034897999999999998,
                314360,
                385696,
                2195686604643246,
                34359738369,
                0
            ],
            "nQuads": 61
        },
        "...MASTER...": {
            "nMops": 17,
            "child_modules": {
                "dff": 1,
                "true_dp_ram": 1,
                "dff_rs": 1,
                "dcache_tb": 1,
                "dff_rs_ld": 1,
                "std": 1
            },
            "start_perf": [
                0.29982590675354004,
                0.095069000000000001,
                0.033952999999999997,
                312416,
                385696,
                1730976823.826165,
                2195686542431063
            ],
            "end_perf": [
                0.30186104774475098,
                0.097102999999999995,
                0.033952999999999997,
                313396,
                385696,
                2195686549805445,
                0,
                0
            ],
            "nQuads": 9,
            "nRouts": 13
        },
        "dcache_tb": {
            "nMops": 8023,
            "child_modules": {
                "cache_way": 2
            },
            "start_perf": [
                0.3170769214630127,
                0.111374,
                0.034897999999999998,
                314360,
                385696,
                1730976823.843416,
                2195686604690578
            ],
            "nRouts": 412,
            "Compiled": "Yes",
            "Compiled Times": 1,
            "end_perf": [
                0.34899997711181641,
                0.14088899999999999,
                0.037132999999999999,
                314360,
                385696,
                2195686719990421,
                42949672961,
                0
            ],
            "nQuads": 2706
        },
        "dff_rs_ld": {
            "nMops": 227,
            "child_modules": {},
            "start_perf": [
                0.31064486503601074,
                0.10494199999999999,
                0.034897999999999998,
                314360,
                385696,
                1730976823.8369839,
                2195686581471587
            ],
            "nRouts": 26,
            "Compiled": "Yes",
            "Compiled Times": 1,
            "end_perf": [
                0.31314492225646973,
                0.10743999999999999,
                0.034897999999999998,
                314360,
                385696,
                2195686590595949,
                25769803777,
                0
            ],
            "nQuads": 116
        },
        "std": {
            "child_modules": {},
            "nMops": 528,
            "start_perf": [
                0.30192899703979492,
                0.097170999999999993,
                0.033952999999999997,
                313396,
                385696,
                1730976823.8282681,
                2195686550025284
            ],
            "nRouts": 33,
            "Compiled": "Yes",
            "Compiled Times": 1,
            "svclass": [
                "$vcs_nba_dyn_obj",
                576,
                35,
                2,
                2,
                0,
                "sigprop$$",
                576,
                35,
                2,
                2,
                0,
                "process",
                2380,
                200,
                8,
                8,
                0,
                "event",
                597,
                34,
                2,
                2,
                0,
                "mailbox",
                1769,
                140,
                9,
                9,
                0,
                "semaphore",
                1119,
                84,
                5,
                5,
                0
            ],
            "end_perf": [
                0.30699396133422852,
                0.101298,
                0.034890999999999998,
                314360,
                385696,
                2195686568336514,
                8589934594,
                0
            ],
            "nQuads": 218
        },
        "true_dp_ram": {
            "nMops": 595,
            "child_modules": {},
            "start_perf": [
                0.30702090263366699,
                0.10131800000000001,
                0.034897999999999998,
                314360,
                385696,
                1730976823.83336,
                2195686568392548
            ],
            "nRouts": 44,
            "Compiled": "Yes",
            "Compiled Times": 1,
            "end_perf": [
                0.31061387062072754,
                0.104909,
                0.034897999999999998,
                314360,
                385696,
                2195686581427649,
                21474836481,
                0
            ],
            "nQuads": 279
        },
        "dff_rs": {
            "nMops": 208,
            "child_modules": {},
            "start_perf": [
                0.31318783760070801,
                0.107485,
                0.034897999999999998,
                314360,
                385696,
                1730976823.8395269,
                2195686590662646
            ],
            "nRouts": 25,
            "Compiled": "Yes",
            "Compiled Times": 1,
            "end_perf": [
                0.31531906127929688,
                0.109615,
                0.034897999999999998,
                314360,
                385696,
                2195686598427503,
                30064771073,
                0
            ],
            "nQuads": 105
        },
        "cache_way": {
            "nMops": 8217,
            "child_modules": {},
            "start_perf": [
                0.34903597831726074,
                0.14091799999999999,
                0.037141,
                314360,
                385696,
                1730976823.875375,
                2195686720070333
            ],
            "nRouts": 339,
            "Compiled": "Yes",
            "Compiled Times": 1,
            "end_perf": [
                0.37008500099182129,
                0.16014400000000001,
                0.038954000000000003,
                314360,
                385696,
                2195686796097651,
                47244640257,
                0
            ],
            "nQuads": 3298
        }
    },
    "stat": {
        "ru_self_end": {
            "ru_minflt": 16143,
            "ru_utime_sec": 0.162332,
            "ru_nivcsw": 9,
            "ru_stime_sec": 0.040041,
            "ru_maxrss_kb": 131416,
            "ru_majflt": 0,
            "ru_nvcsw": 52
        },
        "ru_childs_end": {
            "ru_minflt": 14597,
            "ru_utime_sec": 0.029294000000000001,
            "ru_nivcsw": 10,
            "ru_stime_sec": 0.031834000000000001,
            "ru_maxrss_kb": 121688,
            "ru_majflt": 0,
            "ru_nvcsw": 43
        },
        "cpu_cycles_end": 2195686807832345,
        "peak_mem_kb": 385696
    },
    "CompUnits": {
        "Yx4Fa_d": {
            "archive": "archive.0/_323586_archive_1.a",
            "checksum": 0,
            "bytes": 99692,
            "mod": "cache_way",
            "mode": 4,
            "out": "Yx4Fa_d.o",
            "text": 56006
        },
        "gKx0G_d": {
            "archive": "archive.0/_323586_archive_1.a",