{
    "Modules": {
        "dcache_tb": {
            "start_perf": [
                0.2875208854675293,
                0.076190999999999995,
                0.055801999999999997,
                314400,
                385708,
                1731069418.668221,
                2363040158211884
            ],
            "child_modules": {
                "cache_way": 2
            },
            "significant_routs": [
                [
                    104,
                    "R_VCSgd_Y9KLm_68",
                    7314244,
                    11263,
                    1937
                ]
            ],
            "Compiled": "Yes",
            "Compiled Times": 1,
            "end_perf": [
                0.32989692687988281,
                0.116577,
                0.057754,
                314400,
                385708,
                2363040311256374,
                42949672961,
                0
            ],
            "nQuads": 6246,
            "nMops": 24271,
            "nRouts": 919
        },
        "dff": {
            "start_perf": [
                0.2861018180847168,
                0.075367000000000003,
                0.055206999999999999,
                314400,
                385708,
                1731069418.6668019,
                2363040153083113
            ],
            "child_modules": {},
            "Compiled Times": 1,
            "Compiled": "Yes",
            "end_perf": [
                0.28749990463256836,
                0.076178999999999997,
                0.055793000000000002,
                314400,
                385708,
                2363040158165868,
                34359738369,
                0
            ],
            "nMops": 116,
            "nQuads": 61,
            "nRouts": 18
        },
        "true_dp_ram": {
            "start_perf": [
                0.27865982055664062,
                0.070207000000000006,
                0.052925,
                314400,
                385708,
                1731069418.6593599,
                2363040126226760
            ],
            "child_modules": {},
            "Compiled Times": 1,
            "Compiled": "Yes",
            "end_perf": [
                0.28216195106506348,
                0.072516999999999998,
                0.054116999999999998,
                314400,
                385708,
                2363040138899857,
                21474836481,
                0
            ],
            "nMops": 595,
            "nQuads": 279,
            "nRouts": 44
        },
        "...MASTER...": {
            "start_perf": [
                0.27280092239379883,
                0.065629999999999994,
                0.051643000000000001,
                312456,
                385708,
                1731069418.653501,
                2363040105078302
            ],
            "child_modules": {
                "dcache_tb": 1,
                "true_dp_ram": 1,
                "dff": 1,
                "dff_rs": 1,
                "std": 1,
                "dff_rs_ld": 1
            },
            "end_perf": [
                0.27435183525085449,
                0.066974000000000006,
                0.05185,
                313436,
                385708,
                2363040110707963,
                0,
                0
            ],
            "nMops": 17,
            "nQuads": 9,
            "nRouts": 13
        },
        "std": {
            "start_perf": [
                0.27440500259399414,
                0.067002999999999993,
                0.051873000000000002,
                313436,
                385708,
                1731069418.6551051,
                2363040110869844
            ],
            "svclass": [
                "$vcs_nba_dyn_obj",
                576,
                35,
                2,
                2,
                0,
                "sigprop$$",
                576,
                35,
                2,
                2,
                0,
                "process",
                2380,
                200,
                8,
                8,
                0,
                "event",
                597,
                34,
                2,
                2,
                0,
                "mailbox",
                1769,
                140,
                9,
                9,
                0,
                "semaphore",
                1119,
                84,
                5,
                5,
                0
            ],
            "child_modules": {},
            "Compiled": "Yes",
            "Compiled Times": 1,
            "end_perf": [
                0.27863597869873047,
                0.070193000000000005,
                0.052914999999999997,
                314400,
                385708,
                2363040126167246,
                8589934594,
                0
            ],
            "nQuads": 218,
            "nMops": 528,
            "nRouts": 33
        },
        "dff_rs_ld": {
            "start_perf": [
                0.28218388557434082,
                0.072529999999999997,
                0.054126000000000001,
                314400,
                385708,
                1731069418.662884,
                2363040138948963
            ],
            "child_modules": {},
            "Compiled Times": 1,
            "Compiled": "Yes",
            "end_perf": [
                0.28431797027587891,
                0.073594000000000007,
                0.055195000000000001,
                314400,
                385708,
                2363040146695469,
                25769803777,
                0
            ],
            "nMops": 227,
            "nQuads": 116,
            "nRouts": 26
        },
        "cache_way": {
            "start_perf": [
                0.32994699478149414,
                0.11661100000000001,
                0.057770000000000002,
                314400,
                385708,
                1731069418.7106471,
                2363040311345245
            ],
            "child_modules": {},
            "Compiled Times": 1,
            "Compiled": "Yes",
            "end_perf": [
                0.35114288330078125,
                0.13780700000000001,
                0.057770000000000002,
                314400,
                385708,
                2363040387941808,
                47244640257,
                0
            ],
            "nMops": 8042,
            "nQuads": 3139,
            "nRouts": 308
        },
        "dff_rs": {
            "start_perf": [
                0.28434395790100098,
                0.073609999999999995,
                0.055206999999999999,
                314400,
                385708,
                1731069418.6650441,
                2363040146747853
            ],
            "child_modules": {},
            "Compiled Times": 1,
            "Compiled": "Yes",
            "end_perf": [
                0.28608083724975586,
                0.075345999999999996,
                0.055206999999999999,
                314400,
                385708,
                2363040153043847,
                30064771073,
                0
            ],
            "nMops": 208,
            "nQuads": 105,
            "nRouts": 25
        }
    },
    "stat": {
        "peak_mem_kb": 385708,
        "ru_self_end": {
            "ru_maxrss_kb": 132424,
            "ru_utime_sec": 0.14009199999999999,
            "ru_nivcsw": 9,
            "ru_minflt": 16497,
            "ru_stime_sec": 0.059433,
            "ru_majflt": 0,
            "ru_nvcsw": 55
        },
        "ru_childs_end": {
            "ru_maxrss_kb": 121752,
            "ru_utime_sec": 0.019455,
            "ru_nivcsw": 7,
            "ru_minflt": 14650,
            "ru_stime_sec": 0.038018000000000003,
            "ru_majflt": 1,
            "ru_nvcsw": 44
        },
        "cpu_cycles_end": 2363040402186240
    },
    "CompUnits": {
        "amcQw_d": {
            "mod": "...MASTER...",