{
    "Modules": {
        "...MASTER...": {
            "start_perf": [
                0.64483499526977539,
                0.18557999999999999,
                0.028149,
                312444,
                385708,
                1731390918.5075181,
                3075734069651505
            ],
            "child_modules": {
                "true_dp_ram": 1,
                "dff": 1,
                "dff_rs": 1,
                "dff_rs_ld": 1,
                "std": 1,
                "dcache_tb": 1
            },
            "end_perf": [
                0.6488339900970459,
                0.188559,
                0.029169,
                313424,
                385708,
                3075734084122347,
                0,
                0
            ],
            "nQuads": 9,
            "nMops": 17,
            "nRouts": 13
        },
        "dff_rs_ld": {
            "start_perf": [
                0.65907788276672363,
                0.198795,
                0.029177999999999999,
                314388,
                385708,
                1731390918.5217609,
                3075734121053835
            ],
            "child_modules": {},
            "end_perf": [
                0.66132187843322754,
                0.20103699999999999,
                0.029177999999999999,
                314388,
                385708,
                3075734129197304,
                25769803777,
                0
            ],
            "Compiled": "Yes",
            "nQuads": 116,
            "Compiled Times": 1,
            "nMops": 227,
            "nRouts": 26
        },
        "std": {
            "start_perf": [
                0.64890193939208984,
                0.18861800000000001,
                0.029177999999999999,
                313424,
                385708,
                1731390918.511585,
                3075734084329216
            ],
            "child_modules": {},
            "end_perf": [
                0.65459203720092773,
                0.19430800000000001,
                0.029177999999999999,
                314388,
                385708,
                3075734104918894,
                8589934594,
                0
            ],
            "Compiled": "Yes",
            "nQuads": 218,
            "Compiled Times": 1,
            "svclass": [
                "$vcs_nba_dyn_obj",
                576,
                35,
                2,
                2,
                0,
                "sigprop$$",
                576,
                35,
                2,
                2,
                0,
                "process",
                2380,
                200,
                8,
                8,
                0,
                "event",
                597,
                34,
                2,
                2,
                0,
                "mailbox",
                1769,
                140,
                9,
                9,
                0,
                "semaphore",
                1119,
                84,
                5,
                5,
                0
            ],
            "nMops": 528,
            "nRouts": 33
        },
        "dff": {
            "start_perf": [
                0.66320896148681641,
                0.202926,
                0.029177999999999999,
                314388,
                385708,
                1731390918.525892,
                3075734135970969
            ],
            "child_modules": {},
            "end_perf": [
                0.66462588310241699,
                0.20434099999999999,
                0.029177999999999999,
                314388,
                385708,
                3075734141114800,
                34359738369,
                0
            ],
            "Compiled": "Yes",
            "nQuads": 61,
            "Compiled Times": 1,
            "nMops": 116,
            "nRouts": 18
        },
        "true_dp_ram": {
            "start_perf": [
                0.65462589263916016,
                0.19434199999999999,
                0.029177999999999999,
                314388,
                385708,
                1731390918.517309,
                3075734104980672
            ],
            "child_modules": {},
            "end_perf": [
                0.65904998779296875,
                0.198766,
                0.029177999999999999,
                314388,
                385708,
                3075734121007375,
                21474836481,
                0
            ],
            "Compiled": "Yes",
            "nQuads": 279,
            "Compiled Times": 1,
            "nMops": 595,
            "nRouts": 44
        },
        "dff_rs": {
            "start_perf": [
                0.6613459587097168,
                0.20106299999999999,
                0.029177999999999999,
                314388,
                385708,
                1731390918.524029,
                3075734129240038
            ],
            "child_modules": {},
            "end_perf": [
                0.66318702697753906,
                0.202902,
                0.029177999999999999,
                314388,
                385708,
                3075734135921924,
                30064771073,
                0
            ],
            "Compiled": "Yes",
            "nQuads": 105,
            "Compiled Times": 1,
            "nMops": 208,
            "nRouts": 25
        },
        "dcache_tb": {
            "start_perf": [
                0.66464805603027344,
                0.20436399999999999,
                0.029177999999999999,
                314388,
                385708,
                1731390918.5273311,
                3075734141161044
            ],
            "child_modules": {
                "cache_way": 2
            },
            "end_perf": [
                0.69878983497619629,
                0.23840500000000001,
                0.029277000000000001,
                314388,
                385708,
                3075734264540449,
                42949672961,
                0
            ],
            "Compiled": "Yes",
            "nQuads": 3517,
            "Compiled Times": 1,
            "nMops": 9864,
            "nRouts": 498
        },
        "cache_way": {
            "start_perf": [
                0.69887185096740723,
                0.238479,
                0.029286,
                314388,
                385708,
                1731390918.5615549,
                3075734264782803
            ],
            "child_modules": {},
            "end_perf": [
                0.72113490104675293,
                0.26074199999999997,
                0.029286,
                314388,
                385708,
                3075734345195685,
                47244640257,
                0
            ],
            "Compiled": "Yes",
            "nQuads": 3130,
            "Compiled Times": 1,
            "nMops": 8037,
            "nRouts": 305
        }
    },
    "CompUnits": {
        "amcQw_d": {
            "mod": "...MASTER...",
            "out": "objs/amcQw_d.o",
            "bytes": 9356,
            "text": 703,
            "mode": 4,
            "checksum": 0
        },
        "IWW0i_d": {
            "mod": "dff",
            "out": "IWW0i_d.o",
            "bytes": 9068,
            "archive": "archive.0/_458469_archive_1.a",
            "text": 1211,
            "mode": 4,
            "checksum": 0
        },
        "reYIK_d": {
            "mod": "std",
            "out": "reYIK_d.o",
            "bytes": 43000,
            "archive": "archive.0/_458469_archive_1.a",
            "cls": 7017,
            "text": 7325,
            "mode": 4,
            "checksum": 0
        },
        "gKx0G_d": {
            "mod": "dff_rs",
            "out": "gKx0G_d.o",
            "bytes": 10490,
            "archive": "archive.0/_458469_archive_1.a",
            "text": 2107,
            "mode": 4,
            "checksum": 0
        },