{
    "reusePaths": {},
    "Modules": {
        "true_dp_ram": {
            "nRouts": 44,
            "end_perf": [
                0.2876129150390625,
                0.069595000000000004,
                0.058548000000000003,
                313888,
                385692,
                1962677594901518,
                21474836481,
                0
            ],
            "start_perf": [
                0.28310084342956543,
                0.065939999999999999,
                0.058117000000000002,
                313888,
                385692,
                1730875232.1059799,
                1962677578577164
            ],
            "nMops": 595,
            "child_modules": {},
            "Compiled": "Yes",
            "Compiled Times": 1,
            "nQuads": 279
        },
        "...MASTER...": {
            "nRouts": 13,
            "end_perf": [
                0.27882289886474609,
                0.062687999999999994,
                0.057091000000000003,
                312924,
                385692,
                1962677563167930,
                0,
                0
            ],
            "start_perf": [
                0.27722287178039551,
                0.061857000000000002,
                0.056321000000000003,
                311944,
                385692,
                1730875232.1001019,
                1962677557366236
            ],
            "nMops": 17,
            "child_modules": {
                "dff_rs_ld": 1,
                "dff": 1,
                "true_dp_ram": 1,
                "dff_rs": 1,
                "dcache_tb": 1,
                "std": 1
            },
            "nQuads": 9
        },
        "dcache_tb": {
            "nRouts": 294,
            "end_perf": [
                0.3215339183807373,
                0.100066,
                0.061996999999999997,
                313888,
                385692,
                1962677717383246,
                42949672961,
                0
            ],
            "start_perf": [
                0.29319000244140625,
                0.074043999999999999,
                0.059677000000000001,
                313888,
                385692,
                1730875232.1160691,
                1962677614989199
            ],
            "nMops": 7593,
            "child_modules": {
                "cache_way": 2
            },
            "Compiled": "Yes",
            "Compiled Times": 1,
            "nQuads": 2329
        },
        "std": {
            "start_perf": [
                0.27887392044067383,
                0.062715000000000007,
                0.057114999999999999,
                312924,
                385692,
                1730875232.101753,
                1962677563329609
            ],
            "end_perf": [
                0.28307485580444336,
                0.065925999999999998,
                0.058104000000000003,
                313888,
                385692,
                1962677578519410,
                8589934594,
                0
            ],
            "child_modules": {},
            "nMops": 528,
            "Compiled": "Yes",
            "Compiled Times": 1,
            "svclass": [
                "$vcs_nba_dyn_obj",
                576,
                35,
                2,
                2,
                0,
                "sigprop$$",
                576,
                35,
                2,
                2,
                0,
                "process",
                2380,
                200,
                8,
                8,
                0,
                "event",
                597,
                34,
                2,
                2,
                0,
                "mailbox",
                1769,
                140,
                9,
                9,
                0,
                "semaphore",
                1119,
                84,
                5,
                5,
                0
            ],
            "nQuads": 218,
            "nRouts": 33
        },
        "dff": {
            "nRouts": 18,
            "end_perf": [
                0.2931668758392334,
                0.074031,
                0.059666999999999998,
                313888,
                385692,
                1962677614944373,
                34359738369,
                0
            ],
            "start_perf": [
                0.29166388511657715,
                0.072706999999999994,
                0.059487999999999999,
                313888,
                385692,
                1730875232.114543,
                1962677609487171
            ],
            "nMops": 116,
            "child_modules": {},
            "Compiled": "Yes",
            "Compiled Times": 1,
            "nQuads": 61
        },
        "dff_rs_ld": {
            "nRouts": 26,
            "end_perf": [
                0.28986001014709473,
                0.071825,
                0.058564999999999999,
                313888,
                385692,
                1962677603009147,
                25769803777,
                0
            ],
            "start_perf": [
                0.28763604164123535,
                0.069608000000000003,
                0.058559,
                313888,
                385692,
                1730875232.1105151,
                1962677594951792
            ],
            "nMops": 227,
            "child_modules": {},
            "Compiled": "Yes",
            "Compiled Times": 1,
            "nQuads": 116
        },
        "dff_rs": {
            "nRouts": 25,
            "end_perf": [
                0.29164290428161621,
                0.072695999999999997,
                0.059478000000000003,
                313888,
                385692,
                1962677609441618,
                30064771073,
                0
            ],
            "start_perf": [
                0.28988289833068848,
                0.071839,
                0.058576000000000003,
                313888,
                385692,
                1730875232.112762,
                1962677603055823
            ],
            "nMops": 208,
            "child_modules": {},
            "Compiled": "Yes",
            "Compiled Times": 1,
            "nQuads": 105
        },
        "cache_way": {
            "nRouts": 377,
            "end_perf": [
                0.34490799903869629,
                0.123267,
                0.062169000000000002,
                313888,
                385692,
                1962677801760310,
                51539607553,
                0
            ],
            "start_perf": [
                0.32157182693481445,
                0.10009,
                0.062011999999999998,
                313888,
                385692,
                1730875232.1444509,
                1962677717456418
            ],
            "nMops": 8297,
            "child_modules": {},
            "Compiled": "Yes",
            "Compiled Times": 1,
            "nQuads": 3450
        }
    },
    "CompUnits": {
        "amcQw_d": {
            "out": "objs/amcQw_d.o",
            "mod": "...MASTER...",
            "bytes": 9356,
            "text": 703,
            "mode": 4,
            "checksum": 0
        },
        "reYIK_d": {
            "out": "reYIK_d.o",
            "mod": "std",
            "bytes": 43000,
            "archive": "archive.0/_259999_archive_1.a",
            "text": 7325,
            "checksum": 0,
            "cls": 7017,
            "mode": 4
        },
        "QRQns_d": {
            "out": "QRQns_d.o",
            "mod": "true_dp_ram",
            "bytes": 14844,
            "archive": "archive.0/_259999_archive_1.a",
            "text": 4647,
            "mode": 4,
            "checksum": 0
        },
        "a3M3m_d": {
            "out": "a3M3m_d.o",
            "mod": "dff_rs_ld",
            "bytes": 10756,
            "archive": "archive.0/_259999_archive_1.a",
            "text": 2247,