{
    "stat": {
        "ru_self_end": {
            "ru_utime_sec": 0.065551999999999999,
            "ru_stime_sec": 0.034287999999999999,
            "ru_maxrss_kb": 126732,
            "ru_minflt": 14230,
            "ru_majflt": 0,
            "ru_nvcsw": 48,
            "ru_nivcsw": 4
        },
        "cpu_cycles_end": 152714023744413,
        "ru_childs_end": {
            "ru_utime_sec": 0.016573000000000001,
            "ru_stime_sec": 0.032273999999999997,
            "ru_maxrss_kb": 116032,
            "ru_minflt": 12369,
            "ru_majflt": 0,
            "ru_nvcsw": 45,
            "ru_nivcsw": 4
        },
        "peak_mem_kb": 384436
    },
    "Modules": {
        "...MASTER...": {
            "nRouts": 13,
            "child_modules": {
                "dual_port_bram": 1,
                "inst_decode": 1,
                "dff": 1,
                "inst_decode_tb": 1,
                "dff_rs": 1,
                "std": 1,
                "dff_rs_ld": 1
            },
            "start_perf": [
                0.2632911205291748,
                0.043732,
                0.028291,
                311752,
                384436,
                1728524525.2123101,
                152713923431191
            ],
            "nMops": 17,
            "end_perf": [
                0.26549315452575684,
                0.045754999999999997,
                0.028469000000000001,
                312732,
                384436,
                152713931333572,
                0,
                0
            ],
            "nQuads": 9
        },
        "std": {
            "start_perf": [
                0.26556897163391113,
                0.045802000000000002,
                0.028499,
                312732,
                384436,
                1728524525.2145879,
                152713931583031
            ],
            "child_modules": {},
            "Compiled": "Yes",
            "Compiled Times": 1,
            "nQuads": 218,
            "nMops": 528,
            "end_perf": [
                0.27026200294494629,
                0.050494999999999998,
                0.028499,
                313696,
                384436,
                152713948554464,
                8589934594,
                0
            ],
            "svclass": [
                "$vcs_nba_dyn_obj",
                576,
                35,
                2,
                2,
                0,
                "sigprop$$",
                576,
                35,
                2,
                2,
                0,
                "process",
                2380,
                200,
                8,
                8,
                0,
                "event",
                597,
                34,
                2,
                2,
                0,
                "mailbox",
                1769,
                140,
                9,
                9,
                0,
                "semaphore",
                1119,
                84,
                5,
                5,
                0
            ],
            "nRouts": 33
        },
        "dual_port_bram": {
            "nRouts": 33,
            "child_modules": {},
            "start_perf": [
                0.27029204368591309,
                0.050525,
                0.028499,
                313696,
                384436,
                1728524525.219311,
                152713948616581
            ],
            "Compiled": "Yes",
            "nQuads": 174,
            "Compiled Times": 1,
            "nMops": 337,
            "end_perf": [
                0.27348494529724121,
                0.053717000000000001,
                0.028499,
                313696,
                384436,
                152713960212117,
                12884901889,
                0
            ]
        },
        "dff_rs_ld": {
            "nRouts": 26,
            "child_modules": {},
            "start_perf": [
                0.27351713180541992,
                0.053749999999999999,
                0.028499,
                313696,
                384436,
                1728524525.2225361,
                152713960257639
            ],
            "Compiled": "Yes",
            "nQuads": 116,
            "Compiled Times": 1,
            "nMops": 227,
            "end_perf": [
                0.27591395378112793,
                0.054414999999999998,
                0.03023,
                313696,
                384436,
                152713968962111,
                17179869185,
                0
            ]
        },
        "inst_decode_tb": {
            "nRouts": 5,
            "child_modules": {},
            "start_perf": [
                0.28741908073425293,
                0.064776,
                0.031375,
                313696,
                384436,
                1728524525.236438,
                152714010440479
            ],
            "Compiled": "Yes",
            "nQuads": 0,
            "Compiled Times": 1,
            "nMops": 0,
            "end_perf": [
                0.28799104690551758,
                0.064776,
                0.031946000000000002,
                313696,
                384436,
                152714012544952,
                34359738369,
                0
            ]
        },
        "dff_rs": {
            "nRouts": 25,
            "child_modules": {},
            "start_perf": [
                0.27594208717346191,
                0.054433000000000002,
                0.030241000000000001,
                313696,
                384436,
                1728524525.224961,
                152713969009717
            ],
            "Compiled": "Yes",
            "nQuads": 105,
            "Compiled Times": 1,
            "nMops": 208,
            "end_perf": [
                0.27775311470031738,
                0.055960000000000003,
                0.030523999999999999,
                313696,
                384436,
                152713975589001,
                21474836481,
                0
            ]
        },
        "inst_decode": {
            "start_perf": [
                0.27927994728088379,
                0.057479000000000002,
                0.030533000000000001,
                313696,
                384436,
                1728524525.2282989,
                152713981062783
            ],
            "child_modules": {},
            "Compiled": "Yes",
            "Compiled Times": 1,
            "nQuads": 942,
            "significant_routs": [
                [
                    2,
                    "R_VCSgd_PrwYv_2",
                    8617845,
                    11312,
                    947
                ]
            ],
            "nMops": 2367,
            "end_perf": [
                0.28738808631896973,
                0.064754000000000006,
                0.031364999999999997,
                313696,
                384436,
                152714010391893,
                30064771073,
                0
            ],
            "nRouts": 63
        },
        "dff": {
            "nRouts": 18,
            "child_modules": {},
            "start_perf": [
                0.27777814865112305,
                0.055976999999999999,
                0.030533000000000001,
                313696,
                384436,
                1728524525.2267971,
                152713975635983
            ],
            "Compiled": "Yes",
            "nQuads": 61,
            "Compiled Times": 1,
            "nMops": 116,
            "end_perf": [
                0.27925896644592285,
                0.057457000000000001,
                0.030533000000000001,
                313696,
                384436,
                152713981020883,
                25769803777,
                0
            ]
        }
    },
    "CompUnits": {
        "amcQw_d": {
            "mod": "...MASTER...",
            "out": "objs/amcQw_d.o",
            "bytes": 9550,
            "mode": 4,