{
    "Modules": {
        "if_id_buf": {
            "start_perf": [
                0.24436783790588379,
                0.048689999999999997,
                0.038741999999999999,
                312352,
                384180,
                1728524512.6902399,
                152668724180249
            ],
            "child_modules": {},
            "Compiled": "Yes",
            "nRouts": 39,
            "Compiled Times": 1,
            "nMops": 491,
            "end_perf": [
                0.24816703796386719,
                0.050798999999999997,
                0.040431000000000002,
                312352,
                384180,
                152668737986954,
                30064771073,
                0
            ],
            "nQuads": 224
        },
        "dual_port_bram": {
            "start_perf": [
                0.23725986480712891,
                0.043332000000000002,
                0.036991000000000003,
                312352,
                384180,
                1728524512.6831319,
                152668698517168
            ],
            "child_modules": {},
            "Compiled": "Yes",
            "nRouts": 33,
            "Compiled Times": 1,
            "nMops": 337,
            "end_perf": [
                0.24053287506103516,
                0.044933000000000001,
                0.038663000000000003,
                312352,
                384180,
                152668710374639,
                12884901889,
                0
            ],
            "nQuads": 174
        },
        "...MASTER...": {
            "start_perf": [
                0.23075485229492188,
                0.040094999999999999,
                0.033723999999999997,
                310408,
                384180,
                1728524512.6766269,
                152668675055148
            ],
            "child_modules": {
                "if_id_buf": 1,
                "dual_port_bram": 1,
                "dff": 1,
                "if_id_buf_tb": 1,
                "dff_rs_ld": 1,
                "std": 1
            },
            "nMops": 17,
            "end_perf": [
                0.23289394378662109,
                0.041144,
                0.034813999999999998,
                311388,
                384180,
                152668682794563,
                0,
                0
            ],
            "nQuads": 11,
            "nRouts": 14
        },
        "dff_rs_ld": {
            "start_perf": [
                0.24055695533752441,
                0.044946,
                0.038674,
                312352,
                384180,
                1728524512.686429,
                152668710420245
            ],
            "child_modules": {},
            "Compiled": "Yes",
            "nRouts": 26,
            "Compiled Times": 1,
            "nMops": 227,
            "end_perf": [
                0.24277591705322266,
                0.047107000000000003,
                0.038732000000000003,
                312352,
                384180,
                152668718465593,
                17179869185,
                0
            ],
            "nQuads": 116
        },
        "std": {
            "start_perf": [
                0.23294496536254883,
                0.041170999999999999,
                0.034837,
                311388,
                384180,
                1728524512.678817,
                152668682952833
            ],
            "child_modules": {},
            "Compiled": "Yes",
            "Compiled Times": 1,
            "end_perf": [
                0.23723387718200684,
                0.043318000000000002,
                0.036978999999999998,
                312352,
                384180,
                152668698462366,
                8589934594,
                0
            ],
            "nMops": 528,
            "svclass": [
                "$vcs_nba_dyn_obj",
                576,
                35,
                2,
                2,
                0,
                "sigprop$$",
                576,
                35,
                2,
                2,
                0,
                "process",
                2380,
                200,
                8,
                8,
                0,
                "event",
                597,
                34,
                2,
                2,
                0,
                "mailbox",
                1769,
                140,
                9,
                9,
                0,
                "semaphore",
                1119,
                84,
                5,
                5,
                0
            ],
            "nQuads": 218,
            "nRouts": 33
        },
        "dff": {
            "start_perf": [
                0.24279689788818359,
                0.047119000000000001,
                0.038741999999999999,
                312352,
                384180,
                1728524512.688669,
                152668718508871
            ],
            "child_modules": {},
            "Compiled": "Yes",
            "nRouts": 18,
            "Compiled Times": 1,
            "nMops": 116,
            "end_perf": [
                0.24434399604797363,
                0.048665,
                0.038741999999999999,
                312352,
                384180,
                152668724135289,
                25769803777,
                0
            ],
            "nQuads": 61
        },
        "if_id_buf_tb": {
            "start_perf": [
                0.24820899963378906,
                0.050821999999999999,
                0.04045,
                312352,
                384180,
                1728524512.6940811,
                152668738043408
            ],
            "child_modules": {},
            "Compiled": "Yes",
            "nRouts": 5,
            "Compiled Times": 1,
            "nMops": 0,
            "end_perf": [
                0.24879097938537598,
                0.051145999999999997,
                0.040708000000000001,
                312352,
                384180,
                152668740173886,
                34359738369,
                0
            ],
            "nQuads": 0
        }
    },
    "CompUnits": {
        "IWW0i_d": {
            "text": 1211,
            "mod": "dff",
            "out": "IWW0i_d.o",
            "checksum": 0,
            "bytes": 9068,
            "mode": 4,
            "archive": "archive.0/_87113_archive_1.a"
        },
        "YeBdz_d": {
            "text": 2809,
            "mod": "dual_port_bram",
            "out": "YeBdz_d.o",
            "checksum": 0,
            "bytes": 12250,
            "mode": 4,
            "archive": "archive.0/_87113_archive_1.a"
        },
        "amcQw_d": {
            "text": 711,
            "mod": "...MASTER...",
            "out": "objs/amcQw_d.o",
            "checksum": 0,
            "bytes": 9508,
            "mode": 4
        },
        "reYIK_d": {
            "text": 7325,
            "mod": "std",
            "out": "reYIK_d.o",
            "checksum": 0,
            "bytes": 43000,
            "archive": "archive.0/_87113_archive_1.a",
            "cls": 7017,
            "mode": 4
        },
        "a3M3m_d": {
            "text": 2247,
            "mod": "dff_rs_ld",
            "out": "a3M3m_d.o",
            "checksum": 0,
            "bytes": 10756,
            "mode": 4,
            "archive": "archive.0/_87113_archive_1.a"
        },
        "DxLb6_d": {
            "text": 4495,
            "mod": "if_id_buf",
            "out": "DxLb6_d.o",
            "checksum": 0,
            "bytes": 14740,
            "mode": 4,
            "archive": "archive.0/_87113_archive_1.a"
        },
        "viuk9_d": {
            "text": 213,
            "mod": "if_id_buf_tb",
            "out": "viuk9_d.o",
            "checksum": 0,
            "bytes": 6492,
            "mode": 4,
            "archive": "archive.0/_87113_archive_1.a"
        }
    },