{
    "reusePaths": {},
    "Modules": {
        "...MASTER...": {
            "nRouts": 20,
            "nMops": 21,
            "nQuads": 21,
            "start_perf": [
                0.24857306480407715,
                0.077118000000000006,
                0.031060999999999998,
                312408,
                385760,
                1728528243.8494351,
                166135880693417
            ],
            "end_perf": [
                0.25039505958557129,
                0.077956999999999999,
                0.032037000000000003,
                313388,
                385760,
                166135887295515,
                0,
                0
            ],
            "child_modules": {
                "riscv_core": 1,
                "dff": 1,
                "dual_port_bram": 1,
                "riscv_core_tb": 1,
                "std": 1,
                "dff_rs_ld": 1
            }
        },
        "std": {
            "nMops": 528,
            "nRouts": 33,
            "start_perf": [
                0.25046396255493164,
                0.078007000000000007,
                0.032057000000000002,
                313388,
                385760,
                1728528243.851326,
                166135887527094
            ],
            "nQuads": 218,
            "child_modules": {},
            "end_perf": [
                0.25546789169311523,
                0.082028000000000004,
                0.033023999999999998,
                314352,
                385760,
                166135905613311,
                8589934594,
                0
            ],
            "svclass": [
                "$vcs_nba_dyn_obj",
                576,
                35,
                2,
                2,
                0,
                "sigprop$$",
                576,
                35,
                2,
                2,
                0,
                "process",
                2380,
                200,
                8,
                8,
                0,
                "event",
                597,
                34,
                2,
                2,
                0,
                "mailbox",
                1769,
                140,
                9,
                9,
                0,
                "semaphore",
                1119,
                84,
                5,
                5,
                0
            ],
            "Compiled": "Yes",
            "Compiled Times": 1
        },
        "riscv_core": {
            "nMops": 9431,
            "nRouts": 298,
            "start_perf": [
                0.26234698295593262,
                0.087870000000000004,
                0.034061000000000001,
                314352,
                385760,
                1728528243.863209,
                166135930402195
            ],
            "nQuads": 4170,
            "child_modules": {
                "register_file": 1
            },
            "end_perf": [
                0.29198002815246582,
                0.11706900000000001,
                0.034493000000000003,
                314352,
                385760,
                166136037460499,
                30064771073,
                0
            ],
            "Compiled": "Yes",
            "Compiled Times": 1,
            "significant_routs": [
                [
                    100,
                    "R_VCSgd_yiGEQ_64",
                    10963326,
                    12622,
                    1031
                ],
                [
                    107,
                    "R_VCSgd_yiGEQ_6b",
                    7214044,
                    9769,
                    779
                ],
                [
                    116,
                    "R_VCSgd_yiGEQ_74",
                    4948064,
                    6585,
                    649
                ]
            ]
        },
        "dff": {
            "nRouts": 18,
            "nMops": 116,
            "nQuads": 61,
            "start_perf": [
                0.26069498062133789,
                0.086218000000000003,
                0.034061000000000001,
                314352,
                385760,
                1728528243.861557,
                166135924438330
            ],
            "end_perf": [
                0.26232194900512695,
                0.087845000000000006,
                0.034061000000000001,
                314352,
                385760,
                166135930362303,
                25769803777,
                0
            ],
            "child_modules": {},
            "Compiled": "Yes",
            "Compiled Times": 1
        },
        "dual_port_bram": {
            "nRouts": 33,
            "nMops": 337,
            "nQuads": 174,
            "start_perf": [
                0.25549507141113281,
                0.082047999999999996,
                0.033031999999999999,
                314352,
                385760,
                1728528243.8563571,
                166135905671647
            ],
            "end_perf": [
                0.25818204879760742,
                0.083816000000000002,
                0.033950000000000001,
                314352,
                385760,
                166135915406976,
                12884901889,
                0
            ],
            "child_modules": {},
            "Compiled": "Yes",
            "Compiled Times": 1
        },
        "dff_rs_ld": {
            "nRouts": 26,
            "nMops": 227,
            "nQuads": 116,
            "start_perf": [
                0.25820398330688477,
                0.083832000000000004,
                0.033957000000000001,
                314352,
                385760,
                1728528243.859066,
                166135915450404
            ],
            "end_perf": [
                0.26066803932189941,
                0.086198999999999998,
                0.034053,
                314352,
                385760,
                166135924396852,
                17179869185,
                0
            ],
            "child_modules": {},
            "Compiled": "Yes",
            "Compiled Times": 1
        },
        "riscv_core_tb": {
            "nRouts": 5,
            "nMops": 0,
            "nQuads": 0,
            "start_perf": [
                0.2920219898223877,
                0.117103,
                0.034502999999999999,
                314352,
                385760,
                1728528243.892884,
                166136037530529
            ],
            "end_perf": [
                0.29268193244934082,
                0.11761199999999999,
                0.034653000000000003,
                314352,
                385760,
                166136039953331,
                34359738369,
                0
            ],
            "child_modules": {},
            "Compiled": "Yes",
            "Compiled Times": 1
        },
        "register_file": {
            "nRouts": 38,
            "nMops": 1010,
            "nQuads": 374,
            "start_perf": [
                0.29271101951599121,
                0.117635,
                0.034660000000000003,
                314352,
                385760,
                1728528243.893573,
                166136039997802
            ],
            "end_perf": [
                0.29843592643737793,
                0.123358,
                0.034660000000000003,
                314352,
                385760,
                166136060750920,
                60129542145,
                0
            ],
            "child_modules": {},
            "Compiled": "Yes",
            "Compiled Times": 1
        }
    },
    "CompUnits": {
        "amcQw_d": {
            "checksum": 0,
            "mod": "...MASTER...",
            "mode": 4,
            "out": "objs/amcQw_d.o",
            "bytes": 9944,
            "text": 759
        },
        "reYIK_d": {
            "checksum": 0,
            "mod": "std",
            "mode": 4,