{
    "Modules": {
        "pc_reg": {
            "end_perf": [
                0.27361893653869629,
                0.047210000000000002,
                0.039,
                312352,
                381616,
                152817241631823,
                30064771073,
                0
            ],
            "Compiled": "Yes",
            "start_perf": [
                0.27152705192565918,
                0.045136999999999997,
                0.038982000000000003,
                312352,
                381616,
                1728524553.833714,
                152817234017649
            ],
            "nQuads": 98,
            "child_modules": {},
            "nMops": 199,
            "Compiled Times": 1,
            "nRouts": 22
        },
        "dual_port_bram": {
            "end_perf": [
                0.26591300964355469,
                0.040780999999999998,
                0.037723,
                312352,
                381616,
                152817213798855,
                12884901889,
                0
            ],
            "Compiled": "Yes",
            "start_perf": [
                0.26280307769775391,
                0.038716,
                0.036679000000000003,
                312352,
                381616,
                1728524553.82499,
                152817202530978
            ],
            "nQuads": 174,
            "child_modules": {},
            "nMops": 337,
            "Compiled Times": 1,
            "nRouts": 33
        },
        "...MASTER...": {
            "end_perf": [
                0.25803399085998535,
                0.036187999999999998,
                0.034437000000000002,
                311388,
                381616,
                152817185377435,
                0,
                0
            ],
            "start_perf": [
                0.25564813613891602,
                0.036187999999999998,
                0.032051999999999997,
                310408,
                381616,
                1728524553.8178351,
                152817176716314
            ],
            "nQuads": 10,
            "child_modules": {
                "pc_reg": 1,
                "dual_port_bram": 1,
                "dff_rs_ld": 1,
                "dff": 1,
                "dff_rs": 1,
                "pc_reg_tb": 1,
                "std": 1
            },
            "nMops": 19,
            "nRouts": 14
        },
        "pc_reg_tb": {
            "end_perf": [
                0.27420496940612793,
                0.047781999999999998,
                0.039014,
                312352,
                381616,
                152817243722235,
                34359738369,
                0
            ],
            "Compiled": "Yes",
            "start_perf": [
                0.27364993095397949,
                0.047226999999999998,
                0.039014,
                312352,
                381616,
                1728524553.8358369,
                152817241680523
            ],
            "nQuads": 0,
            "child_modules": {},
            "nMops": 0,
            "Compiled Times": 1,
            "nRouts": 5
        },
        "std": {
            "start_perf": [
                0.25810503959655762,
                0.036187999999999998,
                0.034507999999999997,
                311388,
                381616,
                1728524553.820292,
                152817185577838
            ],
            "end_perf": [
                0.2627711296081543,
                0.038698999999999997,
                0.036662,
                312352,
                381616,
                152817202464882,
                8589934594,
                0
            ],
            "Compiled": "Yes",
            "nQuads": 218,
            "child_modules": {},
            "nMops": 528,
            "Compiled Times": 1,
            "svclass": [
                "$vcs_nba_dyn_obj",
                576,
                35,
                2,
                2,
                0,
                "sigprop$$",
                576,
                35,
                2,
                2,
                0,
                "process",
                2380,
                200,
                8,
                8,
                0,
                "event",
                597,
                34,
                2,
                2,
                0,
                "mailbox",
                1769,
                140,
                9,
                9,
                0,
                "semaphore",
                1119,
                84,
                5,
                5,
                0
            ],
            "nRouts": 33
        },
        "dff": {
            "end_perf": [
                0.27150511741638184,
                0.045124999999999998,
                0.038970999999999999,
                312352,
                381616,
                152817233978619,
                25769803777,
                0
            ],
            "Compiled": "Yes",
            "start_perf": [
                0.27002310752868652,
                0.043857,
                0.038758000000000001,
                312352,
                381616,
                1728524553.8322101,
                152817228595806
            ],
            "nQuads": 61,
            "child_modules": {},
            "nMops": 116,
            "Compiled Times": 1,
            "nRouts": 18
        },
        "dff_rs_ld": {
            "end_perf": [
                0.26821708679199219,
                0.042960999999999999,
                0.037845999999999998,
                312352,
                381616,
                152817222108772,
                17179869185,
                0
            ],
            "Compiled": "Yes",
            "start_perf": [
                0.26593708992004395,
                0.040793999999999997,
                0.037733999999999997,
                312352,
                381616,
                1728524553.828124,
                152817213846979
            ],
            "nQuads": 116,
            "child_modules": {},
            "nMops": 227,
            "Compiled Times": 1,
            "nRouts": 26
        },
        "dff_rs": {
            "end_perf": [
                0.27000212669372559,
                0.043845000000000002,
                0.038746999999999997,
                312352,
                381616,
                152817228549288,
                21474836481,
                0
            ],
            "Compiled": "Yes",
            "start_perf": [
                0.26823806762695312,
                0.042972999999999997,
                0.037857000000000002,
                312352,
                381616,
                1728524553.830425,
                152817222148222
            ],
            "nQuads": 105,
            "child_modules": {},
            "nMops": 208,
            "Compiled Times": 1,
            "nRouts": 25
        }
    },
    "ObjArchives": [
        {
            "archive": "archive.0/_88343_archive_1.a",
            "objects": [
                [
                    "reYIK_d.o",
                    43000
                ],
                [
                    "YeBdz_d.o",
                    12250
                ],
                [
                    "a3M3m_d.o",
                    10756
                ],
                [
                    "gKx0G_d.o",
                    10490
                ],
                [
                    "IWW0i_d.o",
                    9068
                ],
                [
                    "wxG7b_d.o",
                    10084
                ],
                [
                    "Rih98_d.o",
                    6482
                ],
                [
                    "amcQwB.o",
                    116214
                ]
            ],
            "size": 218344
        }
    ],
    "CompUnits": {
        "amcQw_d": {
            "mode": 4,