{
    "rlimit": {
        "data": -1,
        "stack": -1
    },
    "cycles_program_begin": 161885986824776,
    "SIMBData": {
        "out": "amcQwB.o",
        "bytes": 116778,
        "text": 0,
        "archive": "archive.0/_93760_archive_1.a"
    },
    "perf": [
        {
            "stat": [
                "main",
                "entry",
                0.010761022567749023,
                0.021852,
                0.0065550000000000001,
                203220,
                204476,
                0.0,
                0.0,
                1728527066.415211,
                161885987387665
            ],
            "sub": [
                {
                    "stat": [
                        "doParsingAndDesignResolution",
                        "entry",
                        0.15215706825256348,
                        0.025010999999999999,
                        0.011835999999999999,
                        212920,
                        213720,
                        0.0,
                        0.0,
                        1728527066.556607,
                        161886497509426
                    ],
                    "sub": []
                },
                {
                    "stat": [
                        "doParsingAndDesignResolution",
                        "exit",
                        0.1635291576385498,
                        0.034075000000000001,
                        0.017061,
                        317864,
                        385708,
                        0.0,
                        0.0,
                        1728527066.5679791,
                        161886538562987
                    ],
                    "sub": []
                },
                {
                    "stat": [
                        "doPostDesignResolutionToVir2Vcs",
                        "entry",
                        0.16956996917724609,
                        0.037494,
                        0.019788,
                        298568,
                        385708,
                        0.0,
                        0.0,
                        1728527066.5740199,
                        161886560353139
                    ],
                    "sub": [
                        {
                            "stat": [
                                "doUptoVir2VcsNoSepCleanup",
                                "entry",
                                0.17234611511230469,
                                0.038984999999999999,
                                0.021073000000000001,
                                298792,
                                385708,
                                0.0,
                                0.0,
                                1728527066.5767961,
                                161886570347417
                            ],
                            "sub": []
                        },
                        {
                            "stat": [
                                "doUptoVir2VcsNoSepCleanup",
                                "exit",
                                0.20200610160827637,
                                0.05108,
                                0.027583,
                                313568,
                                385708,
                                0.0037100000000000002,
                                0.0074110000000000001,
                                1728527066.606456,
                                161886677430642
                            ],
                            "sub": []
                        },
                        {
                            "stat": [
                                "doRadify_vir2vcsAll",
                                "entry",
                                0.20204615592956543,
                                0.051107,
                                0.027598000000000001,
                                313568,
                                385708,
                                0.014055,
                                0.026690999999999999,
                                1728527066.6064961,
                                161886677513314
                            ],
                            "sub": []
                        },
                        {
                            "stat": [
                                "doRadify_vir2vcsAll",
                                "exit",
                                0.20430302619934082,
                                0.053289999999999997,
                                0.02767,
                                313568,
                                385708,
                                0.014055,
                                0.026690999999999999,
                                1728527066.608753,
                                161886685712140
                            ],
                            "sub": []
                        }
                    ]
                },
                {
                    "stat": [
                        "doPostDesignResolutionToVir2Vcs",
                        "exit",
                        0.20432710647583008,
                        0.053307,
                        0.027678000000000001,
                        313568,
                        385708,
                        0.014055,
                        0.026690999999999999,
                        1728527066.608777,
                        161886685742292
                    ],
                    "sub": []
                },
                {
                    "stat": [
                        "doGAToPass2",
                        "entry",
                        0.20433402061462402,
                        0.053310999999999997,
                        0.027681000000000001,
                        313568,
                        385708,
                        0.014055,
                        0.026690999999999999,
                        1728527066.608784,
                        161886685763600
                    ],
                    "sub": [
                        {
                            "stat": [
                                "DoPass2",
                                "entry",
                                0.21808004379272461,
                                0.054313,
                                0.027681000000000001,
                                312012,
                                385708,
                                0.02171,
                                0.031994000000000002,
                                1728527066.62253,
                                161886735478750
                            ],
                            "sub": []
                        },
                        {
                            "stat": [
                                "DoPass2",
                                "exit",
                                0.25312304496765137,
                                0.082290000000000002,
                                0.034541000000000002,
                                313956,
                                385708,
                                0.02171,
                                0.031994000000000002,
                                1728527066.657573,
                                161886861927471
                            ],
                            "sub": []
                        }
                    ]
                },
                {
                    "stat": [
                        "doGAToPass2",
                        "exit",
                        0.25515604019165039,
                        0.084322999999999995,
                        0.034542000000000003,
                        313956,
                        385708,
                        0.02171,
                        0.031994000000000002,
                        1728527066.659606,
                        161886869254711
                    ],