{
    "Modules": {
        "execute": {
            "start_perf": [
                0.23625898361206055,
                0.068347000000000005,
                0.031622999999999998,
                313956,
                385708,
                1728527066.6407089,
                161886801003460
            ],
            "child_modules": {},
            "end_perf": [
                0.25023698806762695,
                0.081389000000000003,
                0.032555000000000001,
                313956,
                385708,
                161886851571139,
                30064771073,
                0
            ],
            "Compiled": "Yes",
            "nMops": 4001,
            "nRouts": 79,
            "Compiled Times": 1,
            "nQuads": 1873,
            "significant_routs": [
                [
                    1,
                    "R_VCSgd_sEyU5_1",
                    8050789,
                    9518,
                    777
                ],
                [
                    10,
                    "R_VCSgd_sEyU5_a",
                    5437877,
                    6429,
                    649
                ]
            ]
        },
        "dff_rs": {
            "start_perf": [
                0.2326960563659668,
                0.065962000000000007,
                0.030443999999999999,
                313956,
                385708,
                1728527066.637146,
                161886788137293
            ],
            "end_perf": [
                0.23480105400085449,
                0.067028000000000004,
                0.031482999999999997,
                313956,
                385708,
                161886795778373,
                21474836481,
                0
            ],
            "child_modules": {},
            "nMops": 208,
            "Compiled": "Yes",
            "nRouts": 25,
            "Compiled Times": 1,
            "nQuads": 105
        },
        "...MASTER...": {
            "start_perf": [
                0.2182471752166748,
                0.054432000000000001,
                0.027729,
                312012,
                385708,
                1728527066.6226971,
                161886736037681
            ],
            "end_perf": [
                0.22077798843383789,
                0.056120999999999997,
                0.028570999999999999,
                312992,
                385708,
                161886745171583,
                0,
                0
            ],
            "child_modules": {
                "dff": 1,
                "dual_port_bram": 1,
                "execute": 1,
                "dff_rs": 1,
                "std": 1,
                "dff_rs_ld": 1,
                "execute_tb": 1
            },
            "nQuads": 13,
            "nMops": 25,
            "nRouts": 17
        },
        "std": {
            "svclass": [
                "$vcs_nba_dyn_obj",
                576,
                35,
                2,
                2,
                0,
                "sigprop$$",
                576,
                35,
                2,
                2,
                0,
                "process",
                2380,
                200,
                8,
                8,
                0,
                "event",
                597,
                34,
                2,
                2,
                0,
                "mailbox",
                1769,
                140,
                9,
                9,
                0,
                "semaphore",
                1119,
                84,
                5,
                5,
                0
            ],
            "start_perf": [
                0.22084403038024902,
                0.056165,
                0.028593,
                312992,
                385708,
                1728527066.625294,
                161886745371766
            ],
            "child_modules": {},
            "end_perf": [
                0.22580313682556152,
                0.061122000000000003,
                0.028593,
                313956,
                385708,
                161886763334777,
                8589934594,
                0
            ],
            "Compiled": "Yes",
            "nMops": 528,
            "nRouts": 33,
            "Compiled Times": 1,
            "nQuads": 218
        },
        "dff": {
            "start_perf": [
                0.23482608795166016,
                0.067045999999999994,
                0.031490999999999998,
                313956,
                385708,
                1728527066.639276,
                161886795826315
            ],
            "end_perf": [
                0.23623800277709961,
                0.068331000000000003,
                0.031615999999999998,
                313956,
                385708,
                161886800959882,
                25769803777,
                0
            ],
            "child_modules": {},
            "nMops": 116,
            "Compiled": "Yes",
            "nRouts": 18,
            "Compiled Times": 1,
            "nQuads": 61
        },
        "dual_port_bram": {
            "start_perf": [
                0.22584295272827148,
                0.061164000000000003,
                0.028593,
                313956,
                385708,
                1728527066.6302929,
                161886763402525
            ],
            "end_perf": [
                0.22999811172485352,
                0.064177999999999999,
                0.029541999999999999,
                313956,
                385708,
                161886778459677,
                12884901889,
                0
            ],
            "child_modules": {},
            "nMops": 337,
            "Compiled": "Yes",
            "nRouts": 33,
            "Compiled Times": 1,
            "nQuads": 174
        },
        "dff_rs_ld": {
            "start_perf": [
                0.23002815246582031,
                0.064198000000000005,
                0.029551000000000001,
                313956,
                385708,
                1728527066.6344781,
                161886778507385
            ],
            "end_perf": [
                0.23267006874084473,
                0.065944000000000003,
                0.030435,
                313956,
                385708,
                161886788095609,
                17179869185,
                0
            ],
            "child_modules": {},
            "nMops": 227,
            "Compiled": "Yes",
            "nRouts": 26,
            "Compiled Times": 1,
            "nQuads": 116
        },
        "execute_tb": {
            "start_perf": [
                0.25028800964355469,
                0.081426999999999999,
                0.032570000000000002,
                313956,
                385708,
                1728527066.6547379,
                161886851646019
            ],
            "end_perf": [
                0.251129150390625,
                0.082267000000000007,
                0.032570000000000002,
                313956,
                385708,
                161886854802732,
                34359738369,
                0
            ],
            "child_modules": {},
            "nMops": 0,
            "Compiled": "Yes",
            "nRouts": 5,
            "Compiled Times": 1,
            "nQuads": 0
        }
    },
    "CompUnits": {
        "amcQw_d": {
            "mod": "...MASTER...",
            "out": "objs/amcQw_d.o",
            "bytes": 9910,
            "text": 812,
            "mode": 4,
            "checksum": 0
        },
        "reYIK_d": {
            "mod": "std",
            "out": "reYIK_d.o",
            "cls": 7017,
            "bytes": 43000,
            "text": 7325,
            "archive": "archive.0/_93760_archive_1.a",
            "mode": 4,
            "checksum": 0
        },
        "YeBdz_d": {
            "mod": "dual_port_bram",
            "out": "YeBdz_d.o",