{
    "Modules": {
        "ctrl_unit_tb": {
            "child_modules": {},
            "start_perf": [
                0.21921515464782715,
                0.053158999999999998,
                0.032096,
                307528,
                384084,
                1728524962.2084751,
                154291284656500
            ],
            "nRouts": 5,
            "Compiled": "Yes",
            "Compiled Times": 1,
            "nQuads": 0,
            "end_perf": [
                0.2197871208190918,
                0.053158999999999998,
                0.032667000000000002,
                307528,
                384084,
                154291286757333,
                34359738369,
                0
            ],
            "nMops": 0
        },
        "dff_rs_ld": {
            "child_modules": {},
            "start_perf": [
                0.21177506446838379,
                0.047885999999999998,
                0.029929000000000001,
                307528,
                384084,
                1728524962.201035,
                154291257805924
            ],
            "nRouts": 26,
            "Compiled": "Yes",
            "Compiled Times": 1,
            "nQuads": 116,
            "end_perf": [
                0.21405315399169922,
                0.049057000000000003,
                0.031036000000000001,
                307528,
                384084,
                154291266065667,
                17179869185,
                0
            ],
            "nMops": 227
        },
        "std": {
            "start_perf": [
                0.20422506332397461,
                0.041155999999999998,
                0.02911,
                303596,
                384084,
                1728524962.193485,
                154291230562011
            ],
            "child_modules": {},
            "Compiled": "Yes",
            "Compiled Times": 1,
            "nQuads": 218,
            "end_perf": [
                0.2085721492767334,
                0.045372000000000003,
                0.029239999999999999,
                305864,
                384084,
                154291246278051,
                8589934594,
                0
            ],
            "nMops": 528,
            "svclass": [
                "$vcs_nba_dyn_obj",
                576,
                35,
                2,
                2,
                0,
                "sigprop$$",
                576,
                35,
                2,
                2,
                0,
                "process",
                2380,
                200,
                8,
                8,
                0,
                "event",
                597,
                34,
                2,
                2,
                0,
                "mailbox",
                1769,
                140,
                9,
                9,
                0,
                "semaphore",
                1119,
                84,
                5,
                5,
                0
            ],
            "nRouts": 33
        },
        "...MASTER...": {
            "child_modules": {
                "dual_port_bram": 1,
                "dff": 1,
                "ctrl_unit": 1,
                "ctrl_unit_tb": 1,
                "dff_rs_ld": 1,
                "std": 1
            },
            "start_perf": [
                0.20205402374267578,
                0.039093000000000003,
                0.029000999999999999,
                299064,
                384084,
                1728524962.191314,
                154291222720448
            ],
            "nQuads": 17,
            "end_perf": [
                0.20416593551635742,
                0.041120999999999998,
                0.029085,
                303596,
                384084,
                154291230375114,
                0,
                0
            ],
            "nMops": 21,
            "nRouts": 18
        },
        "dual_port_bram": {
            "child_modules": {},
            "start_perf": [
                0.20859813690185547,
                0.045387999999999998,
                0.029250000000000002,
                305864,
                384084,
                1728524962.1978581,
                154291246336565
            ],
            "nRouts": 33,
            "Compiled": "Yes",
            "Compiled Times": 1,
            "nQuads": 174,
            "end_perf": [
                0.21175098419189453,
                0.047871999999999998,
                0.029919999999999999,
                307528,
                384084,
                154291257757860,
                12884901889,
                0
            ],
            "nMops": 337
        },
        "dff": {
            "child_modules": {},
            "start_perf": [
                0.21407508850097656,
                0.049070999999999997,
                0.031045,
                307528,
                384084,
                1728524962.203335,
                154291266109867
            ],
            "nRouts": 18,
            "Compiled": "Yes",
            "Compiled Times": 1,
            "nQuads": 61,
            "end_perf": [
                0.21560502052307129,
                0.049783000000000001,
                0.031861,
                307528,
                384084,
                154291271663506,
                25769803777,
                0
            ],
            "nMops": 116
        },
        "ctrl_unit": {
            "child_modules": {},
            "start_perf": [
                0.21562695503234863,
                0.049797000000000001,
                0.031870000000000002,
                307528,
                384084,
                1728524962.2048869,
                154291271703650
            ],
            "nRouts": 63,
            "Compiled": "Yes",
            "Compiled Times": 1,
            "nQuads": 301,
            "end_perf": [
                0.21918106079101562,
                0.053137999999999998,
                0.032083,
                307528,
                384084,
                154291284608376,
                30064771073,
                0
            ],
            "nMops": 572
        }
    },
    "CompUnits": {
        "amcQw_d": {
            "mod": "...MASTER...",
            "mode": 4,
            "out": "objs/amcQw_d.o",
            "bytes": 9808,
            "checksum": 0,
            "text": 751
        },
        "nQPbZ_d": {
            "mod": "ctrl_unit",
            "mode": 4,
            "out": "nQPbZ_d.o",
            "bytes": 17440,
            "checksum": 0,
            "text": 5367,
            "archive": "archive.0/_91426_archive_1.a"
        },
        "reYIK_d": {
            "mod": "std",
            "mode": 4,
            "out": "reYIK_d.o",
            "bytes": 43000,
            "checksum": 0,
            "cls": 7017,
            "text": 7325,
            "archive": "archive.0/_91426_archive_1.a"
        },
        "FPgWF_d": {
            "mod": "ctrl_unit_tb",
            "mode": 4,
            "out": "FPgWF_d.o",
            "bytes": 6492,
            "checksum": 0,
            "text": 213,
            "archive": "archive.0/_91426_archive_1.a"
        },
        "YeBdz_d": {
            "mod": "dual_port_bram",
            "mode": 4,
            "out": "YeBdz_d.o",
            "bytes": 12250,
            "checksum": 0,
            "text": 2809,
            "archive": "archive.0/_91426_archive_1.a"
        },
        "a3M3m_d": {
            "mod": "dff_rs_ld",
            "mode": 4,
            "out": "a3M3m_d.o",
            "bytes": 10756,
            "checksum": 0,
            "text": 2247,
            "archive": "archive.0/_91426_archive_1.a"
        },
        "IWW0i_d": {
            "mod": "dff",
            "mode": 4,
            "out": "IWW0i_d.o",
            "bytes": 9068,
            "checksum": 0,
            "text": 1211,
            "archive": "archive.0/_91426_archive_1.a"
        }
    },